ID,Title,Current_Community_Types,New_Community_Types
11909,Abbington Manor Al I,Assisted Living,"Assisted Living, Memory Care"
6758,Abbington Senior Living,Assisted Living,"Assisted Living, Memory Care"
6762,Abellavida Memory Care,Assisted Living,"Assisted Living, Memory Care"
11915,Aberdeen Ridge,Assisted Living,"Assisted Living, Memory Care"
6784,Acoya Mesa,Assisted Living,"Assisted Living, Memory Care"
6786,Acoya Shea,Assisted Living,"Assisted Living, Memory Care"
6821,Agave Manor,Assisted Living,"Assisted Living, Memory Care"
11973,Alpine Acres Assisted Living,Assisted Living,"Assisted Living, Memory Care"
11975,Alpine Manor Ii,Assisted Living,"Assisted Living, Memory Care"
8680,Meadows Assisted Living,Assisted Living,"Assisted Living, Memory Care"
6851,Alta Vista Senior Living Community,Assisted Living,"Assisted Living, Memory Care"
11981,Altavita Assisted Living,Assisted Living,"Assisted Living, Memory Care"
11983,Altavita Memory Care Centre,Assisted Living,"Assisted Living, Memory Care"
11987,Amaran Senior Living,Assisted Living,"Assisted Living, Memory Care"
6866,Amber Creek Memory Care Community,Assisted Living,"Assisted Living, Memory Care"
6875,American Dream Home,Assisted Living,"Assisted Living, Memory Care"
6878,American Orchards Senior Living,Assisted Living,"Assisted Living, Memory Care"
11995,Amira Choice Arvada,Assisted Living,"Assisted Living, Memory Care"
6889,Andara Senior Living,Assisted Living,"Assisted Living, Memory Care"
12006,Apple Valley Residence,Assisted Living,"Assisted Living, Memory Care"
12010,Applegate Assisted Living,Assisted Living,"Assisted Living, Memory Care"
6921,Arbor Rose Senior Care,Assisted Living,"Assisted Living, Memory Care"
6962,Ark Of Life Memory Care,Assisted Living,"Assisted Living, Memory Care"
12060,Ashford Memory Care,Assisted Living,"Assisted Living, Memory Care"
12100,Ashley Manor Senior Living,Assisted Living,"Assisted Living, Memory Care"
7110,Beverly Assisted Living,Assisted Living,"Assisted Living, Memory Care"
12100,Ashley Manor Senior Living,Assisted Living,"Assisted Living, Memory Care"
12100,Ashley Manor Senior Living,Assisted Living,"Assisted Living, Memory Care"
12100,Ashley Manor Senior Living,Assisted Living,"Assisted Living, Memory Care"
12100,Ashley Manor Senior Living,Assisted Living,"Assisted Living, Memory Care"
10508,Harmony Assisted Living,Assisted Living,"Assisted Living, Memory Care"
12100,Ashley Manor Senior Living,Assisted Living,"Assisted Living, Memory Care"
12100,Ashley Manor Senior Living,Assisted Living,"Assisted Living, Memory Care"
12100,Ashley Manor Senior Living,Assisted Living,"Assisted Living, Memory Care"
12100,Ashley Manor Senior Living,Assisted Living,"Assisted Living, Memory Care"
12100,Ashley Manor Senior Living,Assisted Living,"Assisted Living, Memory Care"
12100,Ashley Manor Senior Living,Assisted Living,"Assisted Living, Memory Care"
12100,Ashley Manor Senior Living,Assisted Living,"Assisted Living, Memory Care"
12100,Ashley Manor Senior Living,Assisted Living,"Assisted Living, Memory Care"
9068,Parkview Assisted Living,Assisted Living,"Assisted Living, Memory Care"
12100,Ashley Manor Senior Living,Assisted Living,"Assisted Living, Memory Care"
12100,Ashley Manor Senior Living,Assisted Living,"Assisted Living, Memory Care"
12100,Ashley Manor Senior Living,Assisted Living,"Assisted Living, Memory Care"
12100,Ashley Manor Senior Living,Assisted Living,"Assisted Living, Memory Care"
12106,Aspen Creek Assisted Living,Assisted Living,"Assisted Living, Memory Care"
12130,Aspen Valley Senior Living Community,Assisted Living,"Assisted Living, Memory Care"
12133,Aspens At Fort Collins,Assisted Living,"Assisted Living, Memory Care"
12178,Assured Senior Living Arvada,Assisted Living,"Assisted Living, Memory Care"
12182,Assured Senior Living Wagon Trail,Assisted Living,"Assisted Living, Memory Care"
12187,Ativo Senior Living Of Albuquerque,Assisted Living,"Assisted Living, Memory Care"
7008,Ativo Senior Living Of Yuma,Assisted Living,"Assisted Living, Memory Care"
7009,Ativo Senior Living Prescott Valley,Assisted Living,"Assisted Living, Memory Care"
7011,Atria Campana Del Rio,Assisted Living,"Assisted Living, Memory Care"
12193,Atria Longmont,Assisted Living,"Assisted Living, Memory Care"
12206,Autumn Breeze Assisted Living,Assisted Living,"Assisted Living, Memory Care"
12212,Autumn Haven Assisted Living,Assisted Living,"Assisted Living, Memory Care"
12218,Avalon Memory Care,Assisted Living,"Assisted Living, Memory Care"
12222,Avamere At Mountain Ridge,Assisted Living,"Assisted Living, Memory Care"
12224,Avamere At Rio Rancho,Assisted Living,"Assisted Living, Memory Care"
7028,Avista Senior Living,Assisted Living,"Assisted Living, Memory Care"
12227,Avista Senior Living Albuquerque,Assisted Living,"Assisted Living, Memory Care"
12229,Avista Senior Living Garden City,Assisted Living,"Assisted Living, Memory Care"
12230,Avista Senior Living Nampa,Assisted Living,"Assisted Living, Memory Care"
12231,Avista Senior Living Twin Falls,Assisted Living,"Assisted Living, Memory Care"
7036,Avista Sun City West Memory Care,Assisted Living,"Assisted Living, Memory Care"
12237,Balfour At Littleton,Assisted Living,"Assisted Living, Memory Care"
12239,Balfour At Longmont,Assisted Living,"Assisted Living, Memory Care"
12241,Balfour At Riverfront Park,Assisted Living,"Assisted Living, Memory Care"
12243,Balfour Cherrywood Village,Assisted Living,"Assisted Living, Memory Care"
12245,Balfour Retirement Community,Assisted Living,"Assisted Living, Memory Care"
12249,Barber Station Assisted Living And Memory Care Long Wait List No Referral Fee,Assisted Living,"Assisted Living, Memory Care"
7061,Barton House I,Assisted Living,"Assisted Living, Memory Care"
12265,Bear Lake Manor,Assisted Living,"Assisted Living, Memory Care"
7065,Beatitudes Campus,Assisted Living,"Assisted Living, Memory Care"
12391,Beewell Assisted Living,Assisted Living,"Assisted Living, Memory Care"
12397,Bel Aire Senior Living,Assisted Living,"Assisted Living, Memory Care"
12405,Belleview Heights,Assisted Living,"Assisted Living, Memory Care"
7087,Belmont Village Scottsdale,Assisted Living,"Assisted Living, Memory Care"
12421,Bethesda Gardens Monument,Assisted Living,"Assisted Living, Memory Care"
7102,Bethesda Gardens Phoenix,Assisted Living,"Assisted Living, Memory Care"
12423,Bethesda Gardens Thornton,Assisted Living,"Assisted Living, Memory Care"
12429,Birch Creek Assisted Living,Assisted Living,"Assisted Living, Memory Care"
7123,Blue Iris Assisted Living Gh,Assisted Living,"Assisted Living, Memory Care"
12442,Bluebonnet Haus,Assisted Living,"Assisted Living, Memory Care"
12444,Bonaventure Of Castle Rock,Assisted Living,"Assisted Living, Memory Care"
12446,Bonaventure Of Colorado Springs,Assisted Living,"Assisted Living, Memory Care"
12450,Bonaventure Of Pueblo,Assisted Living,"Assisted Living, Memory Care"
12452,Bonaventure Of Thornton,Assisted Living,"Assisted Living, Memory Care"
12464,Bridge Assisted Living At Sandpoint,Assisted Living,"Assisted Living, Memory Care"
10072,Valley Assisted Living,Assisted Living,"Assisted Living, Memory Care"
12488,Brightstar Care Homes Hobble Creek,Assisted Living,"Assisted Living, Memory Care"
12478,Bright Assisted Living,Assisted Living,"Assisted Living, Memory Care"
12490,Brightstar Care Homes Prickly Pear,Assisted Living,"Assisted Living, Memory Care"
12492,Brightstar Care Homes Settlers,Assisted Living,"Assisted Living, Memory Care"
12494,Brightstar Care Homes Stephen,Assisted Living,"Assisted Living, Memory Care"
12498,Brightstar Care Homes Taft,Assisted Living,"Assisted Living, Memory Care"
12512,Broadway Hills,Assisted Living,"Assisted Living, Memory Care"
12515,Brookdale Arvada,Assisted Living,"Assisted Living, Memory Care"
7147,Brookdale Baywood,Assisted Living,"Assisted Living, Memory Care"
12523,Brookdale Briargate,Assisted Living,"Assisted Living, Memory Care"
12527,Brookdale Broadmoor,Assisted Living,"Assisted Living, Memory Care"
7148,Brookdale Camino Del Sol,Assisted Living,"Assisted Living, Memory Care"
7149,Brookdale Central Chandler,Assisted Living,"Assisted Living, Memory Care"
7150,Brookdale Central Paradise Valley,Assisted Living,"Assisted Living, Memory Care"
12529,Brookdale Chubbuck,Assisted Living,"Assisted Living, Memory Care"
12531,Brookdale Coeur Dalene,Assisted Living,"Assisted Living, Memory Care"
7153,Brookdale Desert Ridge,Assisted Living,"Assisted Living, Memory Care"
7155,Brookdale East Mesa,Assisted Living,"Assisted Living, Memory Care"
7157,Brookdale Flagstaff,Assisted Living,"Assisted Living, Memory Care"
12535,Brookdale Fort Collins Al Co,Assisted Living,"Assisted Living, Memory Care"
12537,Brookdale Fort Collins Mc Co,Assisted Living,"Assisted Living, Memory Care"
12541,Brookdale Greenwood Village,Assisted Living,"Assisted Living, Memory Care"
12543,Brookdale Highlands Ranch,Assisted Living,"Assisted Living, Memory Care"
12545,Brookdale Lewiston,Assisted Living,"Assisted Living, Memory Care"
12551,Brookdale Lowry,Assisted Living,"Assisted Living, Memory Care"
12559,Brookdale Meridian Englewood,Assisted Living,"Assisted Living, Memory Care"
12567,Brookdale Monument Valley Park,Assisted Living,"Assisted Living, Memory Care"
7158,Brookdale North Gilbert,Assisted Living,"Assisted Living, Memory Care"
7159,Brookdale North Glendale,Assisted Living,"Assisted Living, Memory Care"
12570,Brookdale North Loveland,Assisted Living,"Assisted Living, Memory Care"
7161,Brookdale North Scottsdale,Assisted Living,"Assisted Living, Memory Care"
7162,Brookdale North Tucson,Assisted Living,"Assisted Living, Memory Care"
7163,Brookdale Oro Valley Alzheimers Dementia Care,Assisted Living,"Assisted Living, Memory Care"
12572,Brookdale Parkplace,Assisted Living,"Assisted Living, Memory Care"
12574,Brookdale Pinehurst Park,Assisted Living,"Assisted Living, Memory Care"
12576,Brookdale Pocatello,Assisted Living,"Assisted Living, Memory Care"
12582,Brookdale Skyline Ccrc,Assisted Living,"Assisted Living, Memory Care"
7167,Brookdale Tanque Verde,Assisted Living,"Assisted Living, Memory Care"
7168,Brookdale Tempe,Assisted Living,"Assisted Living, Memory Care"
12587,Brookdale Tramway Ridge,Assisted Living,"Assisted Living, Memory Care"
12592,Brookdale Twin Falls,Assisted Living,"Assisted Living, Memory Care"
7170,Brookdale Union Hills,Assisted Living,"Assisted Living, Memory Care"
12602,Brooklyn House,Assisted Living,"Assisted Living, Memory Care"
12606,Brookside Landing Orofino,Assisted Living,"Assisted Living, Memory Care"
12612,Cache Valley Assisted Living,Assisted Living,"Assisted Living, Memory Care"
7180,Cadence Chandler,Assisted Living,"Assisted Living, Memory Care"
7185,Caliche Senior Living,Assisted Living,"Assisted Living, Memory Care"
7193,Canyon Assisted Living,Assisted Living,"Assisted Living, Memory Care"
7195,Canyon Valley Memory Care Residence,Assisted Living,"Assisted Living, Memory Care"
7197,Canyon Winds Retirement,Assisted Living,"Assisted Living, Memory Care"
12640,Cappella Of Grand Junction,Assisted Living,"Assisted Living, Memory Care"
7207,Carefree Assisted Living Center,Assisted Living,"Assisted Living, Memory Care"
12659,Carillon At Belleview Station The,Assisted Living,"Assisted Living, Memory Care"
7222,Caring Hearts Assisted Living,Assisted Living,"Assisted Living, Memory Care"
7222,Caring Hearts Assisted Living,Assisted Living,"Assisted Living, Memory Care"
12671,Carrington Court Assisted Living And Memory Care,Assisted Living,"Assisted Living, Memory Care"
7244,Cascades Of Tucson,Assisted Living,"Assisted Living, Memory Care"
12702,Castle Peak Assisted Living,Assisted Living,"Assisted Living, Memory Care"
7246,Catalina Springs Memory Care,Assisted Living,"Assisted Living, Memory Care"
7248,Cave Creek Assisted Living And Memory Care,Assisted Living,"Assisted Living, Memory Care"
12713,Cedarwood At Sandy Assisted Living,Assisted Living,"Assisted Living, Memory Care"
12727,Chardonnay Assisted Living,Assisted Living,"Assisted Living, Memory Care"
12729,Chardonnay Assisted Living House 3,Assisted Living,"Assisted Living, Memory Care"
12739,Chateau At Sharmar Assisted Living,Assisted Living,"Assisted Living, Memory Care"
12743,Chateau Des Mons Care And Assisted Living,Assisted Living,"Assisted Living, Memory Care"
12751,Cherry Hills Assisted Living And Memory Care,Assisted Living,"Assisted Living, Memory Care"
7280,Circle Of Life Alzheimer Homes,Assisted Living,"Assisted Living, Memory Care"
7280,Circle Of Life Alzheimer Homes,Assisted Living,"Assisted Living, Memory Care"
7280,Circle Of Life Alzheimer Homes,Assisted Living,"Assisted Living, Memory Care"
7280,Circle Of Life Alzheimer Homes,Assisted Living,"Assisted Living, Memory Care"
7280,Circle Of Life Alzheimer Homes,Assisted Living,"Assisted Living, Memory Care"
7280,Circle Of Life Alzheimer Homes,Assisted Living,"Assisted Living, Memory Care"
7280,Circle Of Life Alzheimer Homes,Assisted Living,"Assisted Living, Memory Care"
7280,Circle Of Life Alzheimer Homes,Assisted Living,"Assisted Living, Memory Care"
7287,Circles Of Life Residential Care,Assisted Living,"Assisted Living, Memory Care"
7293,Clarendale Arcadia,Assisted Living,"Assisted Living, Memory Care"
7294,Clarendale Of Chandler,Assisted Living,"Assisted Living, Memory Care"
7298,Clearwater Agritopia,Assisted Living,"Assisted Living, Memory Care"
7299,Clearwater Ahwatukee,Assisted Living,"Assisted Living, Memory Care"
7300,Clearwater Mayo Blvd,Assisted Living,"Assisted Living, Memory Care"
7301,Clearwater Pinnacle Peak,Assisted Living,"Assisted Living, Memory Care"
12765,Clermont Park Assisted Living,Assisted Living,"Assisted Living, Memory Care"
12771,Cogir Of Broomfield Senior Living,Assisted Living,"Assisted Living, Memory Care"
12773,Cogir Of Lotus Park Senior Living,Assisted Living,"Assisted Living, Memory Care"
12775,Colibri Assisted Living,Assisted Living,"Assisted Living, Memory Care"
12800,Community Restorium,Assisted Living,"Assisted Living, Memory Care"
12816,Constant Care V Cheyenne,Assisted Living,"Assisted Living, Memory Care"
10932,Copper Canyon,Assisted Living,"Assisted Living, Memory Care"
7329,Copper Creek Inn Memory Care Community,Assisted Living,"Assisted Living, Memory Care"
12820,Copper Creek Senior Living,Assisted Living,"Assisted Living, Memory Care"
12824,Copper Springs Senior Living,Assisted Living,"Assisted Living, Memory Care"
7338,Cornerstone Al,Assisted Living,"Assisted Living, Memory Care"
12831,Cottages At Lochsa Falls The,Assisted Living,"Assisted Living, Memory Care"
12833,Cottages Senior Living I Llc Dba The Cottages Of Emmett,Assisted Living,"Assisted Living, Memory Care"
12835,Cottages Senior Living I Llc Dba The Cottages Of Meridian,Assisted Living,"Assisted Living, Memory Care"
12837,Cottages Senior Living I Llc Dba The Cottages Of Middleton,Assisted Living,"Assisted Living, Memory Care"
12839,Cottages Senior Living I Llc Dba The Cottages Of Mountain Home,Assisted Living,"Assisted Living, Memory Care"
12840,Cottages Senior Living I Llc Dba The Cottages Of Payette,Assisted Living,"Assisted Living, Memory Care"
12842,Cottages Senior Living I Llc Dba The Cottages Of Weiser,Assisted Living,"Assisted Living, Memory Care"
7341,Cottonwood Village,Assisted Living,"Assisted Living, Memory Care"
7308,Comfort Assisted Living,Assisted Living,"Assisted Living, Memory Care"
12855,Country Home,Assisted Living,"Assisted Living, Memory Care"
12860,Country Living Retirement Of Mountain Home,Assisted Living,"Assisted Living, Memory Care"
12865,Country Time Assisted Living,Assisted Living,"Assisted Living, Memory Care"
12869,Courtyard At Jamestown,Assisted Living,"Assisted Living, Memory Care"
12873,Cove Of Cascadia The,Assisted Living,"Assisted Living, Memory Care"
12880,Covington Senior Living Of Lehi,Assisted Living,"Assisted Living, Memory Care"
12884,Creekside Care Center,Assisted Living,"Assisted Living, Memory Care"
12886,Creekside Inn Assisted Living Alzheimers Community,Assisted Living,"Assisted Living, Memory Care"
12884,Creekside Care Center,Assisted Living,"Assisted Living, Memory Care"
12900,Crestwood Serenity Assisted Living,Assisted Living,"Assisted Living, Memory Care"
7369,Dahlia Assisted Living And Memory Care,Assisted Living,"Assisted Living, Memory Care"
7377,Davis Place Senior Living,Assisted Living,"Assisted Living, Memory Care"
12917,Desano Place Suites,Assisted Living,"Assisted Living, Memory Care"
7390,Desert Breeze Of Ahwatukee,Assisted Living,"Assisted Living, Memory Care"
10977,Desert Gardens Assisted Living And Memory Care At Hacienda,Assisted Living,"Assisted Living, Memory Care"
7438,Desert Willow Assisted Living,Assisted Living,"Assisted Living, Memory Care"
12934,Discovery Rehabilitation And Living,Assisted Living,"Assisted Living, Memory Care"
6721,29192 Assisted Living,Assisted Living,"Assisted Living, Memory Care"
12975,Edgewood Aspen Wind,Assisted Living,"Assisted Living, Memory Care"
12977,Edgewood Castle Hills,Assisted Living,"Assisted Living, Memory Care"
12979,Edgewood Fruitland Senior Living,Assisted Living,"Assisted Living, Memory Care"
12981,Edgewood Plantation Place,Assisted Living,"Assisted Living, Memory Care"
6874,American Assisted Living,Assisted Living,"Assisted Living, Memory Care"
9593,Spring Assisted Living,Assisted Living,"Assisted Living, Memory Care"
9593,Spring Assisted Living,Assisted Living,"Assisted Living, Memory Care"
8689,Meridian Assisted Living,Assisted Living,"Assisted Living, Memory Care"
9593,Spring Assisted Living,Assisted Living,"Assisted Living, Memory Care"
9593,Spring Assisted Living,Assisted Living,"Assisted Living, Memory Care"
6834,Alaga Residential Assisted Living,Assisted Living,"Assisted Living, Memory Care"
7521,Elite Memory Care,Assisted Living,"Assisted Living, Memory Care"
7551,Emerald Glen Memory Care Plus,Assisted Living,"Assisted Living, Memory Care"
7557,Emerald Springs Senior Living,Assisted Living,"Assisted Living, Memory Care"
10540,Emerson Assisted Living,Assisted Living,"Assisted Living, Memory Care"
13034,Escalante At Coventry,Assisted Living,"Assisted Living, Memory Care"
7597,Eternal Spring Of Gilbert,Assisted Living,"Assisted Living, Memory Care"
13045,Evergreen Place Assisted Living,Assisted Living,"Assisted Living, Memory Care"
7625,Eyal Llc 2,Assisted Living,"Assisted Living, Memory Care"
13057,Fairfield Village Of Layton,Assisted Living,"Assisted Living, Memory Care"
7631,Fairmont Village Memory Care And Behavioral,Assisted Living,"Assisted Living, Memory Care"
13059,Fairwinds Sandcreek,Assisted Living,"Assisted Living, Memory Care"
13065,Family Life,Assisted Living,"Assisted Living, Memory Care"
7680,Fellowship Square Historic Mesa,Assisted Living,"Assisted Living, Memory Care"
7682,Fellowship Square Phoenix,Assisted Living,"Assisted Living, Memory Care"
13078,Five Star Residences Of Dayton Place,Assisted Living,"Assisted Living, Memory Care"
7736,Fountain View Village,Assisted Living,"Assisted Living, Memory Care"
13100,Fox Den Homes Bannock House,Assisted Living,"Assisted Living, Memory Care"
13102,Fox Den Homes North End House,Assisted Living,"Assisted Living, Memory Care"
13104,Foxtail Assisted Living,Assisted Living,"Assisted Living, Memory Care"
7751,Friendship Village Of Tempe,Assisted Living,"Assisted Living, Memory Care"
13123,Gables Assisted Living And Memory Care Of Caldwell,Assisted Living,"Assisted Living, Memory Care"
13124,Gables Of Ammon Management,Assisted Living,"Assisted Living, Memory Care"
13126,Gables Of Blackfoot Assisted Living Ii,Assisted Living,"Assisted Living, Memory Care"
13126,Gables Of Blackfoot Assisted Living Ii,Assisted Living,"Assisted Living, Memory Care"
13128,Gables Of Brigham City,Assisted Living,"Assisted Living, Memory Care"
13130,Gables Of Idaho Falls Assisted Living Memory Care,Assisted Living,"Assisted Living, Memory Care"
13132,Gables Of North Logan Assisted Living,Assisted Living,"Assisted Living, Memory Care"
13134,Gables Of Pocatello Assisted Living,Assisted Living,"Assisted Living, Memory Care"
13136,Gables Of Pocatello Assisted Living Ii,Assisted Living,"Assisted Living, Memory Care"
7769,Gardens At Ocotillo Senior Livingspectrum Retirement,Assisted Living,"Assisted Living, Memory Care"
13156,Gardens At St Elizabeth,Assisted Living,"Assisted Living, Memory Care"
7773,Gardens Care Scottsdale Formally Truewood By Merrill Gardens,Assisted Living,"Assisted Living, Memory Care"
13154,Gardens Assisted Living,Assisted Living,"Assisted Living, Memory Care"
13200,Gardens On Quail,Assisted Living,"Assisted Living, Memory Care"
13202,Generations Memory Care At Rathdrum,Assisted Living,"Assisted Living, Memory Care"
7807,Glencroft Center For Modern Aging,Assisted Living,"Assisted Living, Memory Care"
7847,Golden Senior Living,Assisted Living,"Assisted Living, Memory Care"
7829,Golden Care,Assisted Living,"Assisted Living, Memory Care"
7847,Golden Senior Living,Assisted Living,"Assisted Living, Memory Care"
13232,Golden Pond,Assisted Living,"Assisted Living, Memory Care"
7890,Grace Assisted Living,Assisted Living,"Assisted Living, Memory Care"
13280,Grace Assisted Living At Caldwell,Assisted Living,"Assisted Living, Memory Care"
7817,Gods Grace Assisted Living,Assisted Living,"Assisted Living, Memory Care"
13281,Grace Assisted Living At State Street,Assisted Living,"Assisted Living, Memory Care"
13284,Grace Assisted Living Of Fairview Lakes,Assisted Living,"Assisted Living, Memory Care"
13286,Grace At Chubbuck,Assisted Living,"Assisted Living, Memory Care"
13288,Grace At Fruitland,Assisted Living,"Assisted Living, Memory Care"
13290,Grace At Twin Falls,Assisted Living,"Assisted Living, Memory Care"
13291,Grace Memory Care At State Street,Assisted Living,"Assisted Living, Memory Care"
13293,Grace Mountain Care Home,Assisted Living,"Assisted Living, Memory Care"
7926,Granite Gate Senior Living,Assisted Living,"Assisted Living, Memory Care"
13306,Greeley Village,Assisted Living,"Assisted Living, Memory Care"
13310,Greenridge Place,Assisted Living,"Assisted Living, Memory Care"
7948,Hacienda At The River,Assisted Living,"Assisted Living, Memory Care"
7950,Hacienda At The Canyon,Assisted Living,"Assisted Living, Memory Care"
7960,Hacienda Del Rey,Assisted Living,"Assisted Living, Memory Care"
13323,Harbor Assisted Living,Assisted Living,"Assisted Living, Memory Care"
13329,Harmony House Assisted Living I,Assisted Living,"Assisted Living, Memory Care"
13331,Harmony House Assisted Living Ii,Assisted Living,"Assisted Living, Memory Care"
13333,Harmony Place Assisted Living,Assisted Living,"Assisted Living, Memory Care"
13336,Harvard Square By Cogir,Assisted Living,"Assisted Living, Memory Care"
13363,Hayden Place Assisted Living,Assisted Living,"Assisted Living, Memory Care"
13376,Hearthstone Village,Assisted Living,"Assisted Living, Memory Care"
13383,Heirloom House,Assisted Living,"Assisted Living, Memory Care"
12593,Brookdale University Park,Assisted Living,"Assisted Living, Memory Care"
10633,Heritage Assisted Living,Assisted Living,"Assisted Living, Memory Care"
13404,Heritage Of Soda Springs,Assisted Living,"Assisted Living, Memory Care"
10633,Heritage Assisted Living,Assisted Living,"Assisted Living, Memory Care"
8078,Hidden Valley Assisted Living,Assisted Living,"Assisted Living, Memory Care"
13418,High Plains Crossings Memory Care,Assisted Living,"Assisted Living, Memory Care"
8082,Highgate Flagstaff,Assisted Living,"Assisted Living, Memory Care"
9168,Prescott Assisted Living,Assisted Living,"Assisted Living, Memory Care"
13426,Highland Estates,Assisted Living,"Assisted Living, Memory Care"
13428,Highland Glen,Assisted Living,"Assisted Living, Memory Care"
13432,Highline Place Memory Care,Assisted Living,"Assisted Living, Memory Care"
13434,Highpointe Assisted Living Memory Care,Assisted Living,"Assisted Living, Memory Care"
13439,Hill House Memory Care,Assisted Living,"Assisted Living, Memory Care"
8104,Hillcrest Assisted Living,Assisted Living,"Assisted Living, Memory Care"
13500,Huckleberry Retirement Homes Llc Ii,Assisted Living,"Assisted Living, Memory Care"
8180,Hummingbird Senior Resort Living,Assisted Living,"Assisted Living, Memory Care"
13504,Hyland Hills Senior Living,Assisted Living,"Assisted Living, Memory Care"
8196,Immanuel Campus Of Care,Assisted Living,"Assisted Living, Memory Care"
13517,Inglenook At Brighton,Assisted Living,"Assisted Living, Memory Care"
8223,Inspira Arrowhead,Assisted Living,"Assisted Living, Memory Care"
8225,Inspira Gateway,Assisted Living,"Assisted Living, Memory Care"
8227,Inspirations Of River Center,Assisted Living,"Assisted Living, Memory Care"
13538,Jackson Creek Senior Living,Assisted Living,"Assisted Living, Memory Care"
13544,Jaxpointe At 63Rd Place Assisted Living,Assisted Living,"Assisted Living, Memory Care"
13548,Jaxpointe At Flower Court Assisted Living,Assisted Living,"Assisted Living, Memory Care"
8275,Joshua Springs Senior Living,Assisted Living,"Assisted Living, Memory Care"
13562,Juniper Village The Spearly Center,Assisted Living,"Assisted Living, Memory Care"
13564,Juniper Village At Aurora,Assisted Living,"Assisted Living, Memory Care"
13566,Juniper Village At Louisville,Assisted Living,"Assisted Living, Memory Care"
8356,La Sonora At Dove Mountain,Assisted Living,"Assisted Living, Memory Care"
8364,Lake View Terrace Memory Care Residence,Assisted Living,"Assisted Living, Memory Care"
8366,Lakeside Assisted Living,Assisted Living,"Assisted Living, Memory Care"
8366,Lakeside Assisted Living,Assisted Living,"Assisted Living, Memory Care"
8366,Lakeside Assisted Living,Assisted Living,"Assisted Living, Memory Care"
8379,Las Fuentes Assisted Living,Assisted Living,"Assisted Living, Memory Care"
8391,Las Palomas Senior Livingspectrum Retirement,Assisted Living,"Assisted Living, Memory Care"
13624,Laurel Groves Assisted Living,Assisted Living,"Assisted Living, Memory Care"
13637,Legacy House Assisted Living Of South Jordan,Assisted Living,"Assisted Living, Memory Care"
8417,Legacy House Avondale,Assisted Living,"Assisted Living, Memory Care"
13643,Legacy House Of Ogden,Assisted Living,"Assisted Living, Memory Care"
13653,Legacy Village Memory Care,Assisted Living,"Assisted Living, Memory Care"
13655,Legacy Village Of Castle Pines,Assisted Living,"Assisted Living, Memory Care"
13657,Legacy Village Of Provo,Assisted Living,"Assisted Living, Memory Care"
8429,Legacy Village Of Salt River,Assisted Living,"Assisted Living, Memory Care"
13663,Legacy Village St George,Assisted Living,"Assisted Living, Memory Care"
13665,Legend Of Broomfield,Assisted Living,"Assisted Living, Memory Care"
13667,Legend Of Colorado Springs,Assisted Living,"Assisted Living, Memory Care"
13669,Legends Park Assisted Living,Assisted Living,"Assisted Living, Memory Care"
13701,Lily And Syringa Assisted Living,Assisted Living,"Assisted Living, Memory Care"
13705,Lincoln Court Retirement Community,Assisted Living,"Assisted Living, Memory Care"
13713,Living Spring Residential Care,Assisted Living,"Assisted Living, Memory Care"
13715,Living Springs Assisted Living,Assisted Living,"Assisted Living, Memory Care"
8506,Lone Mountain Memory Carespectrum Retirment,Assisted Living,"Assisted Living, Memory Care"
13737,Lotus Park Care Centers,Assisted Living,"Assisted Living, Memory Care"
13742,Loving Embrace Of Country Time,Assisted Living,"Assisted Living, Memory Care"
13746,Luna Assisted Living,Assisted Living,"Assisted Living, Memory Care"
13748,Luther Park At Sandpoint,Assisted Living,"Assisted Living, Memory Care"
13760,Makenna Farms Assisted Living,Assisted Living,"Assisted Living, Memory Care"
13762,Malad Living Centerrcf,Assisted Living,"Assisted Living, Memory Care"
13782,Maple Wood Assisted Living,Assisted Living,"Assisted Living, Memory Care"
8590,Maravilla Scottsdale,Assisted Living,"Assisted Living, Memory Care"
8596,Margaret T Morris Center,Assisted Living,"Assisted Living, Memory Care"
13795,Meadow Lake Village Retirement Resort Owyhee Bldg,Assisted Living,"Assisted Living, Memory Care"
13798,Meadow View Assisted Living Memory Care,Assisted Living,"Assisted Living, Memory Care"
13804,Meadowlark Assisted Living,Assisted Living,"Assisted Living, Memory Care"
13805,Meadows Assisted Living Center,Assisted Living,"Assisted Living, Memory Care"
13806,Meadowview Of Greeley,Assisted Living,"Assisted Living, Memory Care"
13810,Melody Living Of Colorado Springs,Assisted Living,"Assisted Living, Memory Care"
10275,Merrill Gardens At Anthem,Assisted Living,"Assisted Living, Memory Care"
13824,Miles Manor,Assisted Living,"Assisted Living, Memory Care"
13832,Millbrook Homes Assisted Living Cove Court,Assisted Living,"Assisted Living, Memory Care"
13851,Modena Cherry Creek,Assisted Living,"Assisted Living, Memory Care"
13856,Montage Creek,Assisted Living,"Assisted Living, Memory Care"
8737,Montelena Assisted Living And Memory Care,Assisted Living,"Assisted Living, Memory Care"
13866,Morada Albuquerque,Assisted Living,"Assisted Living, Memory Care"
13872,Morningstar Assisted Living And Memory Care Of Santa Fe,Assisted Living,"Assisted Living, Memory Care"
13874,Morningstar Assisted Living Of Littleton,Assisted Living,"Assisted Living, Memory Care"
8749,Morningstar At Arcadia,Assisted Living,"Assisted Living, Memory Care"
8751,Morningstar At Arrowhead,Assisted Living,"Assisted Living, Memory Care"
13878,Morningstar At Bear Creek,Assisted Living,"Assisted Living, Memory Care"
8753,Morningstar At Golden Ridge,Assisted Living,"Assisted Living, Memory Care"
13880,Morningstar At Jordan,Assisted Living,"Assisted Living, Memory Care"
13882,Morningstar At Mountain Shadows,Assisted Living,"Assisted Living, Memory Care"
13884,Morningstar At Observatory Park,Assisted Living,"Assisted Living, Memory Care"
13886,Morningstar At Old Town,Assisted Living,"Assisted Living, Memory Care"
13888,Morningstar At Ridgegate,Assisted Living,"Assisted Living, Memory Care"
13890,Morningstar Memory Care At North Ridge,Assisted Living,"Assisted Living, Memory Care"
13894,Morningstar Of Arvada,Assisted Living,"Assisted Living, Memory Care"
13896,Morningstar Of Boise,Assisted Living,"Assisted Living, Memory Care"
13898,Morningstar Of Boulder,Assisted Living,"Assisted Living, Memory Care"
13900,Morningstar Of Fort Collins,Assisted Living,"Assisted Living, Memory Care"
8755,Morningstar Of Fountain Hills,Assisted Living,"Assisted Living, Memory Care"
13902,Morningstar Of Idaho Falls,Assisted Living,"Assisted Living, Memory Care"
13905,Morningstar Of Wheat Ridge,Assisted Living,"Assisted Living, Memory Care"
13907,Morningstar Senior Living At Holly Park,Assisted Living,"Assisted Living, Memory Care"
8757,Mosaic Garden Memory Care At Scottsdale,Assisted Living,"Assisted Living, Memory Care"
8759,Mosaic Gardens Memory Care At Surprise,Assisted Living,"Assisted Living, Memory Care"
13913,Moscow Of Olympus,Assisted Living,"Assisted Living, Memory Care"
8761,Mosiac Gardens,Assisted Living,"Assisted Living, Memory Care"
10432,Mountain Park Senior Living,Assisted Living,"Assisted Living, Memory Care"
13914,Mountain Springs Assisted Living Center,Assisted Living,"Assisted Living, Memory Care"
8787,Mountain View Retirement Village,Assisted Living,"Assisted Living, Memory Care"
13924,Mountain Vista Assisted Living Memory Care,Assisted Living,"Assisted Living, Memory Care"
13964,Northglenn Heights Assisted Living Community,Assisted Living,"Assisted Living, Memory Care"
13974,Oakshire Assisted Living,Assisted Living,"Assisted Living, Memory Care"
8909,Orchard Pointe At Arrowhead,Assisted Living,"Assisted Living, Memory Care"
8911,Orchard Pointe At Surprise,Assisted Living,"Assisted Living, Memory Care"
8913,Orchard Pointe At Terrazza Operating,Assisted Living,"Assisted Living, Memory Care"
13989,Ovation At Sienna Hills,Assisted Living,"Assisted Living, Memory Care"
13995,Overland Court Generations Memory Care,Assisted Living,"Assisted Living, Memory Care"
13996,Overland Court Senior Living Frontier Senior Living,Assisted Living,"Assisted Living, Memory Care"
14002,Pacifica Senior Living Pinehurst,Assisted Living,"Assisted Living, Memory Care"
14006,Palisades At Broadmoor Park,Assisted Living,"Assisted Living, Memory Care"
14008,Palmilla Senior Living Spectrum Retirement,Assisted Living,"Assisted Living, Memory Care"
10642,Palos Verdes Senior Living,Assisted Living,"Assisted Living, Memory Care"
14012,Palouse Hills Assisted Living,Assisted Living,"Assisted Living, Memory Care"
14016,Paramount Parks Health Care At Eagle,Assisted Living,"Assisted Living, Memory Care"
9064,Parkland Memory Care,Assisted Living,"Assisted Living, Memory Care"
14029,Parkwood Meadows Assisted Living,Assisted Living,"Assisted Living, Memory Care"
9080,Paseo Village,Assisted Living,"Assisted Living, Memory Care"
9109,Pennington Gardens,Assisted Living,"Assisted Living, Memory Care"
14058,Pine Grove Crossing,Assisted Living,"Assisted Living, Memory Care"
14072,Pleasant Valley Shelter Home,Assisted Living,"Assisted Living, Memory Care"
14079,Poplar Grove Assisted Living,Assisted Living,"Assisted Living, Memory Care"
14082,Post Falls Ops Llc Dba Guardian Angel Homes,Assisted Living,"Assisted Living, Memory Care"
14093,Prestige Assisted Living At Autumn Wind,Assisted Living,"Assisted Living, Memory Care"
9174,Prestige Assisted Living At Green Valley,Assisted Living,"Assisted Living, Memory Care"
9176,Prestige Assisted Living,Assisted Living,"Assisted Living, Memory Care"
14101,Primrose Of Washington,Assisted Living,"Assisted Living, Memory Care"
9200,Pueblo Norte Senior Living,Assisted Living,"Assisted Living, Memory Care"
14115,Quail Meadow Assisted Living,Assisted Living,"Assisted Living, Memory Care"
10709,Ridge At The Stratford,Assisted Living,"Assisted Living, Memory Care"
9280,Ridges At Peoria,Assisted Living,"Assisted Living, Memory Care"
14171,Rigby Country Living,Assisted Living,"Assisted Living, Memory Care"
9293,River Valley Estates,Assisted Living,"Assisted Living, Memory Care"
14197,Roaring Fork Senior Living,Assisted Living,"Assisted Living, Memory Care"
9299,Robson Reserve At Sun Lakes,Assisted Living,"Assisted Living, Memory Care"
14269,Rose Terrace Cottages,Assisted Living,"Assisted Living, Memory Care"
14273,Rosemark At Mayfair Park,Assisted Living,"Assisted Living, Memory Care"
14275,Rosetta Of Burley,Assisted Living,"Assisted Living, Memory Care"
14277,Rosetta Of Pocatello,Assisted Living,"Assisted Living, Memory Care"
9343,Rustic Ranch Formerly My Fathers Retirement Ranch,Assisted Living,"Assisted Living, Memory Care"
14291,Sage Grove Assisted Living,Assisted Living,"Assisted Living, Memory Care"
14292,Sagewood At Daybreak,Assisted Living,"Assisted Living, Memory Care"
14299,San Marino Retirement Community,Assisted Living,"Assisted Living, Memory Care"
9404,Savanna House Assisted Living Memory Care,Assisted Living,"Assisted Living, Memory Care"
9417,Scottsdale Village Square,Assisted Living,"Assisted Living, Memory Care"
9428,Sedona Winds,Assisted Living,"Assisted Living, Memory Care"
14398,Serenity Place Residential Care,Assisted Living,"Assisted Living, Memory Care"
14400,Seven Lakes Memory Care,Assisted Living,"Assisted Living, Memory Care"
9481,Shadow Mountain Memory Care,Assisted Living,"Assisted Living, Memory Care"
9505,Sheridan Lane Assisted Living,Assisted Living,"Assisted Living, Memory Care"
9507,Sherwood Heights Adult Living,Assisted Living,"Assisted Living, Memory Care"
9509,Sherwood Village Assisted Living And Memory Care,Assisted Living,"Assisted Living, Memory Care"
9517,Sierra Del Sol,Assisted Living,"Assisted Living, Memory Care"
9532,Silver Creek Inn Memory Care Community,Assisted Living,"Assisted Living, Memory Care"
14416,Silverton Of Cascadia,Assisted Living,"Assisted Living, Memory Care"
9558,Sky Vista,Assisted Living,"Assisted Living, Memory Care"
9568,Solterra Senior Living,Assisted Living,"Assisted Living, Memory Care"
9570,Solterra Senior Living White Mountain,Assisted Living,"Assisted Living, Memory Care"
9579,Sonoran Sky Assisted Living Ii,Assisted Living,"Assisted Living, Memory Care"
14472,Southgate Senior Living Stellar Living,Assisted Living,"Assisted Living, Memory Care"
14482,Spring Gardens Draper,Assisted Living,"Assisted Living, Memory Care"
14484,Spring Gardens Heber,Assisted Living,"Assisted Living, Memory Care"
14490,Spring Gardens Meridian,Assisted Living,"Assisted Living, Memory Care"
14494,Spring Gardens Of Lindon,Assisted Living,"Assisted Living, Memory Care"
14496,Spring Gardens Of St George,Assisted Living,"Assisted Living, Memory Care"
14500,Spring Ridge Park Assisted Living,Assisted Living,"Assisted Living, Memory Care"
14504,Springbrooke Retirement And Assisted Living,Assisted Living,"Assisted Living, Memory Care"
14506,Springs Ranch Memory Care Community,Assisted Living,"Assisted Living, Memory Care"
14508,Springwood Retirement,Assisted Living,"Assisted Living, Memory Care"
14545,Stonebridge Assisted Living,Assisted Living,"Assisted Living, Memory Care"
14547,Stonebridge Assisted Living Of Wendell,Assisted Living,"Assisted Living, Memory Care"
14549,Stonebridge Retirement Community,Assisted Living,"Assisted Living, Memory Care"
14553,Stonecreek Of Littleton,Assisted Living,"Assisted Living, Memory Care"
14564,Stoneridge At Centerra,Assisted Living,"Assisted Living, Memory Care"
14568,Streamside Alzheimer Care,Assisted Living,"Assisted Living, Memory Care"
9688,Summit Senior Living,Assisted Living,"Assisted Living, Memory Care"
14584,Summit Vista Entrance Fee Community,Assisted Living,"Assisted Living, Memory Care"
9696,Sun City West Assisted Living Memory Care,Assisted Living,"Assisted Living, Memory Care"
14596,Sunny Ridge,Assisted Living,"Assisted Living, Memory Care"
14599,Sunridge Assisted Living Of Roy,Assisted Living,"Assisted Living, Memory Care"
9735,Sunridge Village Assisted Living And Memory Care,Assisted Living,"Assisted Living, Memory Care"
14603,Sunrise Assisted Living Of Boulder,Assisted Living,"Assisted Living, Memory Care"
14605,Sunrise At Cherry Creek,Assisted Living,"Assisted Living, Memory Care"
14607,Sunrise At Flatirons,Assisted Living,"Assisted Living, Memory Care"
14609,Sunrise At Holladay,Assisted Living,"Assisted Living, Memory Care"
14611,Sunrise At Orchard,Assisted Living,"Assisted Living, Memory Care"
14613,Sunrise At Pinehurst,Assisted Living,"Assisted Living, Memory Care"
9747,Sunrise At River Road,Assisted Living,"Assisted Living, Memory Care"
9760,Sunrise Of Chandler,Assisted Living,"Assisted Living, Memory Care"
9762,Sunrise Of Gilbert,Assisted Living,"Assisted Living, Memory Care"
14615,Sunrise Of Sandy,Assisted Living,"Assisted Living, Memory Care"
9764,Sunrise Of Scottsdale,Assisted Living,"Assisted Living, Memory Care"
14617,Sunrise Of Westminster,Assisted Living,"Assisted Living, Memory Care"
13472,Home Assisted Living,Assisted Living,"Assisted Living, Memory Care"
9786,Sunshine Village,Assisted Living,"Assisted Living, Memory Care"
14634,Table Rock Senior Living At Paramount,Assisted Living,"Assisted Living, Memory Care"
14636,Table Rock Senior Living At Park Place,Assisted Living,"Assisted Living, Memory Care"
14638,Tambree Meadows Assisted Living,Assisted Living,"Assisted Living, Memory Care"
14664,Terra Bluffs,Assisted Living,"Assisted Living, Memory Care"
9833,Terra Pointe Memory Care,Assisted Living,"Assisted Living, Memory Care"
14671,The Abbington At Murray,Assisted Living,"Assisted Living, Memory Care"
14682,The Auberge At North Ogden,Assisted Living,"Assisted Living, Memory Care"
9838,The Auberge At Peoria A Memory Care Company,Assisted Living,"Assisted Living, Memory Care"
14690,The Belleview Dial Senior Living,Assisted Living,"Assisted Living, Memory Care"
9842,The Bluffs Of Flagstaff,Assisted Living,"Assisted Living, Memory Care"
14694,The Bridgewater Of Castle Rock,Assisted Living,"Assisted Living, Memory Care"
14705,The Cottages Of Se Boise,Assisted Living,"Assisted Living, Memory Care"
9845,The Cottages Of Tucson,Assisted Living,"Assisted Living, Memory Care"
14711,The Courtyards At Mountain View,Assisted Living,"Assisted Living, Memory Care"
9855,The Enclave At Chandler Senior Living Spectrum Retirement,Assisted Living,"Assisted Living, Memory Care"
9857,The Enclave At Gilbert Senior Living Spectrum Retirement,Assisted Living,"Assisted Living, Memory Care"
9863,The Forum At Tucson,Assisted Living,"Assisted Living, Memory Care"
14713,The Fountains Of Hilltop,Assisted Living,"Assisted Living, Memory Care"
9865,The Frontier House,Assisted Living,"Assisted Living, Memory Care"
14719,The Gardens At Collinwood Assisted Living And Memory Care,Assisted Living,"Assisted Living, Memory Care"
14721,The Gardens At Columbine,Assisted Living,"Assisted Living, Memory Care"
14723,The Gardens At Viewpointe,Assisted Living,"Assisted Living, Memory Care"
9870,The Gardens Of Scottsdale,Assisted Living,"Assisted Living, Memory Care"
9872,The Gardens Of Sun City,Assisted Living,"Assisted Living, Memory Care"
9879,The Groves Assisted Living And Memory Care,Assisted Living,"Assisted Living, Memory Care"
9900,The Inn At Freedom Plaza Assisted Living And Memory Care,Assisted Living,"Assisted Living, Memory Care"
9904,The Landings Of Prescott Valley,Assisted Living,"Assisted Living, Memory Care"
14743,The Legacy At Santa Fe,Assisted Living,"Assisted Living, Memory Care"
14745,The Lodge At Bristol Heights 1,Assisted Living,"Assisted Living, Memory Care"
14747,The Lodge At Grand Junction,Assisted Living,"Assisted Living, Memory Care"
14749,The Lodge At Greeley,Assisted Living,"Assisted Living, Memory Care"
14755,The Lodge At Riverside Harbor,Assisted Living,"Assisted Living, Memory Care"
9908,The Manors At Glencroft,Assisted Living,"Assisted Living, Memory Care"
14761,The Meadows At Escalante Iii,Assisted Living,"Assisted Living, Memory Care"
9912,The Mission At Agua Fria,Assisted Living,"Assisted Living, Memory Care"
14767,The Montecito Santa Fe,Assisted Living,"Assisted Living, Memory Care"
9914,The Montecito Senior Living,Assisted Living,"Assisted Living, Memory Care"
14769,The Neighborhood In Rio Rancho,Assisted Living,"Assisted Living, Memory Care"
9920,The Oaks,Assisted Living,"Assisted Living, Memory Care"
9922,The Oasis At Fellowship Square Surprise,Assisted Living,"Assisted Living, Memory Care"
14774,The Peaks At Old Laramie Trail,Assisted Living,"Assisted Living, Memory Care"
9938,The Peaks A Senior Living Community,Assisted Living,"Assisted Living, Memory Care"
14778,The Pointe At Meridian,Assisted Living,"Assisted Living, Memory Care"
9945,The Ranch Estates Of Tucson,Assisted Living,"Assisted Living, Memory Care"
14780,The Reserve At Lone Tree,Assisted Living,"Assisted Living, Memory Care"
9951,The Retreat At Alameda,Assisted Living,"Assisted Living, Memory Care"
14782,The Retreat At Sunbrook Assisted Living,Assisted Living,"Assisted Living, Memory Care"
9949,The Retreat,Assisted Living,"Assisted Living, Memory Care"
9958,The Summit At Sunland Springs,Assisted Living,"Assisted Living, Memory Care"
14800,The Village At Alameda,Assisted Living,"Assisted Living, Memory Care"
14807,The Watermark At Cherry Hills,Assisted Living,"Assisted Living, Memory Care"
9994,The Watermark At Morrison Ranch,Assisted Living,"Assisted Living, Memory Care"
14979,The Willows At Crestview,Assisted Living,"Assisted Living, Memory Care"
14814,The Woodmark At Uptown,Assisted Living,"Assisted Living, Memory Care"
10013,Thunderbird Senior Living,Assisted Living,"Assisted Living, Memory Care"
10621,Touchmark At The Ranch,Assisted Living,"Assisted Living, Memory Care"
14843,Trinity At Lewis Clark,Assisted Living,"Assisted Living, Memory Care"
14845,Trinity Home Living,Assisted Living,"Assisted Living, Memory Care"
14847,Tru Landmark Memory Care,Assisted Living,"Assisted Living, Memory Care"
14849,Truewood By Merrill Boise,Assisted Living,"Assisted Living, Memory Care"
10048,Tucson Place Assisted Living Memory Care,Assisted Living,"Assisted Living, Memory Care"
14872,Valencia At Cottonwood Heights,Assisted Living,"Assisted Living, Memory Care"
14874,Valencia At Draper,Assisted Living,"Assisted Living, Memory Care"
10124,Villa Fiore Assisted Living,Assisted Living,"Assisted Living, Memory Care"
10134,Villa Ocotillo Assisted Living,Assisted Living,"Assisted Living, Memory Care"
14908,Village At Belmar,Assisted Living,"Assisted Living, Memory Care"
14912,Village Of Bear Creek,Assisted Living,"Assisted Living, Memory Care"
10141,Villas At Green Valley,Assisted Living,"Assisted Living, Memory Care"
14917,Villas At Sunny Acres The,Assisted Living,"Assisted Living, Memory Care"
10143,Vineyard Park Of Surprise,Assisted Living,"Assisted Living, Memory Care"
14919,The Vineyards Memory Care,Assisted Living,"Assisted Living, Memory Care"
14925,Vista Mesa Assisted Living Residence,Assisted Living,"Assisted Living, Memory Care"
10164,Vista Pointe At Sierra Vista,Assisted Living,"Assisted Living, Memory Care"
10169,Vista Winds,Assisted Living,"Assisted Living, Memory Care"
14932,Waneka Park Assisted Living,Assisted Living,"Assisted Living, Memory Care"
14948,Wellspring Meadows Assisted Living,Assisted Living,"Assisted Living, Memory Care"
14964,Wildflower Of Rigby The,Assisted Living,"Assisted Living, Memory Care"
14966,Willard House,Assisted Living,"Assisted Living, Memory Care"
14972,Willow Place Assisted Living,Assisted Living,"Assisted Living, Memory Care"
14985,Woodlake Legacy Senior Living,Assisted Living,"Assisted Living, Memory Care"
14989,Woodland Assisted Living,Assisted Living,"Assisted Living, Memory Care"
14998,You're At Home,Assisted Living,"Assisted Living, Memory Care"
