wp_id,title,address,city,state,seniorly_url
,A Country Retreat,"412 Old Munds Highway, Flagstaff, Az 86005",a:1:{i:0;i:143;},,https://www.seniorly.com/assisted-living/arizona/flagstaff/a-country-retreat
,A Tender Touch Assisted Living Ii,"2827 East Thunderbird Road, Phoenix, Az 85032",a:1:{i:0;i:107;},,https://www.seniorly.com/assisted-living/arizona/phoenix/a-tender-touch-assisted-living-home-ii
,Abuelos At Edgewood Place,"7141 North Edgewood Place, Tucson, Az 85704",a:1:{i:0;i:99;},,https://www.seniorly.com/assisted-living/arizona/tucson/abuelos-at-edgewood-place
,Acacia Cove Assisted Living,"5964 West Bluefield Avenue, Glendale, Az 85308",a:1:{i:0;i:132;},,https://www.seniorly.com/assisted-living/arizona/glendale/acacia-cove-assisted-living
,Aegis At Fairview Assisted Living,"2371 East Fairview Street, Chandler, Az 85225",a:1:{i:0;i:126;},,https://www.seniorly.com/assisted-living/arizona/chandler/aegis-at-fairview-assisted-living-home
,Affirmative Care Home,"8074 East 8Th Street, Tucson, Az 85710",a:1:{i:0;i:99;},,https://www.seniorly.com/assisted-living/arizona/tucson/affirmative-care-home
,Aguilera Assisted Living,"4740 West Via Aguilera, Tucson, Az 85745",a:1:{i:0;i:99;},,https://www.seniorly.com/assisted-living/arizona/tucson/aguilera-assisted-living-home
,Allegiance Assisted Living,"2243 South Gaucho, Mesa, Az 85202",a:1:{i:0;i:116;},,https://www.seniorly.com/assisted-living/arizona/mesa/allegiance-assisted-living-llc
,Amber Assisted Living,"1438 East Hatcher Road, Phoenix, Az 85020",a:1:{i:0;i:107;},,https://www.seniorly.com/assisted-living/arizona/phoenix/amber-assisted-living-home
,Assisted Living Of Mesa,"949 North Stapley Drive, Mesa, Az 85203",a:1:{i:0;i:116;},,https://www.seniorly.com/assisted-living/arizona/mesa/assisted-living-of-mesa
,Atria Campana Del Rio,"1550 East River Road, Tucson, Az 85718",a:1:{i:0;i:99;},,https://www.seniorly.com/assisted-living/arizona/tucson/atria-campana-del-rio
,Atria Park Of Sierra Pointe,"14500 North Frank Lloyd Wright Boulevard, Scottsdale, Az 85260",a:1:{i:0;i:111;},,https://www.seniorly.com/assisted-living/arizona/scottsdale/atria-park-of-sierra-pointe
,Azure Care Home,"1955 North Oneida Drive, Tucson, Az 85715",a:1:{i:0;i:99;},,https://www.seniorly.com/assisted-living/arizona/tucson/azure-care-home-llc
,Betania Care Home,"5001 South Cassia Way, Tucson, Az 85706",a:1:{i:0;i:99;},,https://www.seniorly.com/assisted-living/arizona/tucson/betania-care-home
,Biltmore Care Home,"3532 East Camelback Road, Phoenix, Az 85018",a:1:{i:0;i:107;},,https://www.seniorly.com/assisted-living/arizona/phoenix/biltmore-care-home-llc
,Blissful Assisted Living,"8222 West Tonto Lane, Peoria, Az 85382",a:1:{i:0;i:130;},,https://www.seniorly.com/assisted-living/arizona/peoria/blissful-assisted-living-llc
,Blooming Meadows,"2432 West Portobello Avenue, Mesa, Az 85202",a:1:{i:0;i:116;},,https://www.seniorly.com/assisted-living/arizona/mesa/blooming-meadows
,Boswell Assisted Living,"14421 North Boswell Boulevard, Sun City, Az 85351",a:1:{i:0;i:122;},,https://www.seniorly.com/assisted-living/arizona/sun-city/boswell-assisted-living
,Caliche Senior Living,"1640 North Peart Road, Casa Grande, Az 85122",a:1:{i:0;i:115;},,https://www.seniorly.com/assisted-living/arizona/casa-grande/caliche-senior-living
,Canyon View By Platinum Care Homes,"1331 East Sobre Lomas, Tucson, Az 85718",a:1:{i:0;i:99;},,https://www.seniorly.com/assisted-living/arizona/tucson/canyon-view-adult-care-home
,Casas Adobes Assisted Living,"1551 West San Annetta Drive, Tucson, Az 85704",a:1:{i:0;i:99;},,https://www.seniorly.com/assisted-living/arizona/tucson/casas-adobes-assisted-living
,Casas Chapala,"1521 West Chapala Drive, Tucson, Az 85704",a:1:{i:0;i:99;},,https://www.seniorly.com/assisted-living/arizona/tucson/casas-chapala
,Caveo Assisted Living,"8160 East Mcdowell Road, Mesa, Az 85207",a:1:{i:0;i:116;},,https://www.seniorly.com/assisted-living/arizona/mesa/caveo-assisted-living
,Corrine Assisted Living,"2501 West Corrine Drive, Phoenix, Az 85029",a:1:{i:0;i:107;},,https://www.seniorly.com/assisted-living/arizona/phoenix/corrine-assisted-living
,Desert Oasis At Countryside Estates Assisted Living,"2221 East Horseshoe Place, Chandler, Az 85249",a:1:{i:0;i:126;},,https://www.seniorly.com/assisted-living/arizona/chandler/desert-oasis-at-countryside-estates-assisted-living
,Diamond Quality Assisted Living Care Home,"6177 East Blanche Drive, Scottsdale, Az 85254",a:1:{i:0;i:111;},,https://www.seniorly.com/assisted-living/arizona/scottsdale/diamond-quality-assisted-living-care-home
,Dnadebbs At Layton Lake,"3234 East Dogwood Place, Chandler, Az 85286",a:1:{i:0;i:126;},,https://www.seniorly.com/assisted-living/arizona/chandler/dnadebbs-at-layton-lake
,Emerald Groves Central,"2759 North Val Vista Drive, Mesa, Az 85213",a:1:{i:0;i:116;},,https://www.seniorly.com/assisted-living/arizona/mesa/emerald-groves-central
,Emerald Groves North,"2920 North Val Vista Drive, Mesa, Az 85213",a:1:{i:0;i:116;},,https://www.seniorly.com/assisted-living/arizona/mesa/emerald-groves-north
,Encanto Palms Assisted Living,"3901 West Encanto Boulevard, Phoenix, Az 85009",a:1:{i:0;i:107;},,https://www.seniorly.com/assisted-living/arizona/phoenix/encanto-palms-assisted-living
,Estancia Assisted Living At Discovery Park,"3517 South 159Th Street, Gilbert, Az 85297",a:1:{i:0;i:142;},,https://www.seniorly.com/assisted-living/arizona/gilbert/estancia-assisted-living-at-discovery-park
,Fairbrook Grove,"3916 East Fairbrook Circle, Mesa, Az 85205",a:1:{i:0;i:116;},,https://www.seniorly.com/assisted-living/arizona/mesa/fairbrook-grove-inc
,Fairwinds Desert Point,"10701 North La Reserve Drive, Oro Valley, Az 85737",a:1:{i:0;i:118;},,https://www.seniorly.com/assisted-living/arizona/oro-valley/fairwinds-desert-point
,Fawn Assisted Living,"13332 East Boston Street, Chandler, Az 85225",a:1:{i:0;i:126;},,https://www.seniorly.com/assisted-living/arizona/chandler/fawn-assisted-living
,Firebird Assisted Living,"7179 West Firebird Drive, Glendale, Az 85308",a:1:{i:0;i:132;},,https://www.seniorly.com/assisted-living/arizona/glendale/firebird-assisted-living
,Firebird Assisted Living 2,"7186 West Firebird Drive, Glendale, Az 85308",a:1:{i:0;i:132;},,https://www.seniorly.com/assisted-living/arizona/glendale/firebird-assisted-living-2
,Flomarie Love Care Home 2,"2102 North Chestnut Circle, Mesa, Az 85213",a:1:{i:0;i:116;},,https://www.seniorly.com/assisted-living/arizona/mesa/flomarie-love-care-home-2
,Foothills Vista Adult Care Home,"7357 North Paseo Ronceval, Tucson, Az 85704",a:1:{i:0;i:99;},,https://www.seniorly.com/assisted-living/arizona/tucson/foothills-vista-adult-care-home-llc
,Good Shepherd Assisted Living,"6464 East Norwood Circle, Mesa, Az 85215",a:1:{i:0;i:116;},,https://www.seniorly.com/assisted-living/arizona/mesa/good-shepherd-assisted-living-llc
,Gracious Grannys,"1420 Bates Road, Cottonwood, Az 86326",a:1:{i:0;i:134;},,https://www.seniorly.com/assisted-living/arizona/cottonwood/gracious-granny-s-llc
,Grandmas Angel 2,"1532 South Perlman Avenue, Tucson, Az 85710",a:1:{i:0;i:99;},,https://www.seniorly.com/assisted-living/arizona/tucson/grandma-s-angel-2
,Holy Name Assisted Living 2,"2571 South Eileen Drive, Chandler, Az 85286",a:1:{i:0;i:126;},,https://www.seniorly.com/assisted-living/arizona/chandler/holy-name-assisted-living-2
,Holy Name Assisted Living,"112 South Nebraska Street, Chandler, Az 85225",a:1:{i:0;i:126;},,https://www.seniorly.com/assisted-living/arizona/chandler/holy-name-assisted-living
,Holy Trinity Assisted Living,"3965 West Massingale Road, Tucson, Az 85741",a:1:{i:0;i:99;},,https://www.seniorly.com/assisted-living/arizona/tucson/holy-trinity-assisted-living-llc
,Inspira Gateway,"4533 East Banner Gateway Drive, Mesa, Az 85206",a:1:{i:0;i:116;},,https://www.seniorly.com/assisted-living/arizona/mesa/inspira-gateway
,Julians Assisted Living,"10304 East Jan Avenue, Mesa, Az 85209",a:1:{i:0;i:116;},,https://www.seniorly.com/assisted-living/arizona/mesa/julian-s-assisted-living-home
,Kaydies Assisted Living,"16566 West Woodlands Avenue, Goodyear, Az 85338",a:1:{i:0;i:137;},,https://www.seniorly.com/assisted-living/arizona/goodyear/kaydies-assisted-living-home
,Kikos Ranch,"4960 East Calle Jabali, Tucson, Az 85711",a:1:{i:0;i:99;},,https://www.seniorly.com/assisted-living/arizona/tucson/kiko-s-ranch
,Legato Living At Old Town,"8701 East Cheery Lynn Road, Scottsdale, Az 85251",a:1:{i:0;i:111;},,https://www.seniorly.com/assisted-living/arizona/scottsdale/legato-living-at-old-town
,Liberty Assisted Living,"12152 West Davis Lane, Avondale, Az 85323",a:1:{i:0;i:133;},,https://www.seniorly.com/assisted-living/arizona/avondale/liberty-assisted-living-home
,Little Flower Assisted Living,"9031 East Plata Avenue, Mesa, Az 85212",a:1:{i:0;i:116;},,https://www.seniorly.com/assisted-living/arizona/mesa/little-flower-assisted-living-home
,Little Touch Of Europe,"7717 West Beryl Avenue, Peoria, Az 85345",a:1:{i:0;i:130;},,https://www.seniorly.com/assisted-living/arizona/peoria/little-touch-of-europe
,Living Legacy Senior Care East,"8241 East Quarterline Road, Mesa, Az 85207",a:1:{i:0;i:116;},,https://www.seniorly.com/assisted-living/arizona/mesa/living-legacy-senior-care-east
,Mk Assisted Living Layton Lakes,"1110 East Clovefield Street, Gilbert, Az 85298",a:1:{i:0;i:142;},,https://www.seniorly.com/assisted-living/arizona/gilbert/m-k-assisted-living-layton-lakes
,Mk Cadence Assisted Living,"9752 East Tumbleweed Avenue, Mesa, Az 85212",a:1:{i:0;i:116;},,https://www.seniorly.com/assisted-living/arizona/mesa/m-k-cadence-assisted-living
,Maelee Care Home,"10462 East Abilene Avenue, Mesa, Az 85208",a:1:{i:0;i:116;},,https://www.seniorly.com/assisted-living/arizona/mesa/maelee-care-home
,Marcos And Secilia Ramon Home Care,"521 West Pepper Place, Mesa, Az 85201",a:1:{i:0;i:116;},,https://www.seniorly.com/assisted-living/arizona/mesa/marcos-and-secilia-ramon-home-care
,Margaret T Morris Center,"878 Sunset Avenue, Prescott, Az 86305",a:1:{i:0;i:101;},,https://www.seniorly.com/assisted-living/arizona/prescott/margaret-t-morris-center
,Maui Care Home,"7736 West Maui Lane, Peoria, Az 85381",a:1:{i:0;i:130;},,https://www.seniorly.com/assisted-living/arizona/peoria/maui-care-home
,Mayfair Assisted Living,"6930 East Granada Street, Mesa, Az 85207",a:1:{i:0;i:116;},,https://www.seniorly.com/assisted-living/arizona/mesa/mayfair-assisted-living-home-inc
,Mirabella At Asu,"65 East University Drive, Tempe, Az 85281","a:1:{i:0;s:3:""112"";}",207,https://www.seniorly.com/assisted-living/arizona/tempe/mirabella-at-asu
,Montebello Assisted Living 4,"2038 East Maplewood Street, Gilbert, Az 85297",a:1:{i:0;i:142;},,https://www.seniorly.com/assisted-living/arizona/gilbert/montebello-assisted-living-4
,New You 1,"26009 North Horseshoe Trail, Scottsdale, Az 85255",a:1:{i:0;i:111;},,https://www.seniorly.com/assisted-living/arizona/scottsdale/new-you-1
,Peak Care Assisted Living Phoenix Life Home,"5930 North Central Avenue, Phoenix, Az 85012",a:1:{i:0;i:107;},,https://www.seniorly.com/assisted-living/arizona/phoenix/peak-care-assisted-living-phoenix-life-home
,Penzi Care Home,"43448 West Wild Horse Trail, Maricopa, Az 85138",a:1:{i:0;i:119;},,https://www.seniorly.com/assisted-living/arizona/maricopa/penzi-care-home
,Petrisor Assisted Living,"11121 East Dragoon Avenue, Mesa, Az 85208",a:1:{i:0;i:116;},,https://www.seniorly.com/assisted-living/arizona/mesa/petrisor-assisted-living
,Portobello Assisted Living,"8435 East Portobello Avenue, Mesa, Az 85212",a:1:{i:0;i:116;},,https://www.seniorly.com/assisted-living/arizona/mesa/portobello-assisted-living-home
,Premier Assisted Living,"1544 West Las Palmaritas Drive, Phoenix, Az 85021",a:1:{i:0;i:107;},,https://www.seniorly.com/assisted-living/arizona/phoenix/premier-assisted-living-llc
,Primavera Assisted Living,"13644 North 33Rd Avenue, Phoenix, Az 85029",a:1:{i:0;i:107;},,https://www.seniorly.com/assisted-living/arizona/phoenix/primavera-assisted-living
,Pronghorn Assisted Living,"8554 North Ridge Rider Trail, Prescott Valley, Az 86315",a:1:{i:0;i:103;},,https://www.seniorly.com/assisted-living/arizona/prescott-valley/pronghorn-assisted-living
,Rhodas Assisted Living,"12002 West Sheridan Street, Avondale, Az 85392",a:1:{i:0;i:133;},,https://www.seniorly.com/assisted-living/arizona/avondale/rhoda-s-assisted-living-home
,Ridgecrest I,"685 West Roller Coaster Road, Tucson, Az 85704",a:1:{i:0;i:99;},,https://www.seniorly.com/assisted-living/arizona/tucson/ridgecrest-i
,Rivendell Care Home,"1901 West Joan De Arc Avenue, Phoenix, Az 85029",a:1:{i:0;i:107;},,https://www.seniorly.com/assisted-living/arizona/phoenix/rivendell-care-home
,Robson Reserve At Pebblecreek,"15833 West Clubhouse Drive, Goodyear, Az 85395",a:1:{i:0;i:137;},,https://www.seniorly.com/assisted-living/arizona/goodyear/robson-reserve-at-pebblecreek
,Robson Reserve At Sun Lakes,"9504 East Riggs Road, Sun Lakes, Az 85248",a:1:{i:0;i:140;},,https://www.seniorly.com/assisted-living/arizona/sun-lakes/renaissance-luxury-retirement-living
,Rutledge Ranch Retreat,"1575 West Slick Horn Alley, Paulden, Az 86334",a:1:{i:0;i:150;},,https://www.seniorly.com/assisted-living/arizona/paulden/rutledge-ranch-retreat-llc
,Saguaro Ranch Luxury Assisted Living,"12301 North Camino Del Plata, Tucson, Az 85755",a:1:{i:0;i:99;},,https://www.seniorly.com/assisted-living/arizona/tucson/saguaro-ranch-luxury-assisted-living-llc
,San Nicolas Assisted Living Nw,"1362 West San Nicolas Drive, Tucson, Az 85704",a:1:{i:0;i:99;},,https://www.seniorly.com/assisted-living/arizona/tucson/san-nicolas-assisted-living-home-nw-inc
,Sapphire Elite Care Home,"4350 East Mountain Vista Drive, Phoenix, Az 85048",a:1:{i:0;i:107;},,https://www.seniorly.com/assisted-living/arizona/phoenix/sapphire-elite-care-home-llc
,Senior Care Assisted Living,"5901 East Juarez Street, Tucson, Az 85711",a:1:{i:0;i:99;},,https://www.seniorly.com/assisted-living/arizona/tucson/senior-care-assisted-living-tucson
,Serenade Assisted Living,"25403 South 154Th Street, Gilbert, Az 85298",a:1:{i:0;i:142;},,https://www.seniorly.com/assisted-living/arizona/gilbert/serenade-assisted-living-llc
,Sherwood Heights Adult Living,"5813 East Lewis Avenue, Scottsdale, Az 85257",a:1:{i:0;i:111;},,https://www.seniorly.com/assisted-living/arizona/scottsdale/sherwood-heights-adult-living
,Silver Moon Assisted Living,"3690 West Arrowwood Place, Tucson, Az 85741",a:1:{i:0;i:99;},,https://www.seniorly.com/assisted-living/arizona/tucson/silver-moon-assisted-living-home
,Simancas Assisted Living,"550 South Country Club Road, Tucson, Az 85716",a:1:{i:0;i:99;},,https://www.seniorly.com/assisted-living/arizona/tucson/simancas-assisted-living-home
,Summer Blossoms Assisted Living,"7357 East Olla Avenue, Mesa, Az 85212",a:1:{i:0;i:116;},,https://www.seniorly.com/assisted-living/arizona/mesa/summer-blossoms-assisted-living
,Tatum Glen Assisted Living,"3720 East Utopia Road, Phoenix, Az 85050",a:1:{i:0;i:107;},,https://www.seniorly.com/assisted-living/arizona/phoenix/tatum-glen-assisted-living-home
,Tbi Assisted Living,"2721 West Rovey Avenue, Phoenix, Az 85017",a:1:{i:0;i:107;},,https://www.seniorly.com/assisted-living/arizona/phoenix/tbi-assisted-living
,The Bluffs Of Flagstaff,"3100 East Butler Avenue, Flagstaff, Az 86004",a:1:{i:0;i:143;},,https://www.seniorly.com/assisted-living/arizona/flagstaff/the-bluffs-of-flagstaff
,The Forum At Tucson,"2500 North Rosemont Boulevard, Tucson, Az 85712",a:1:{i:0;i:99;},,https://www.seniorly.com/assisted-living/arizona/tucson/the-forum-at-tucson
,The Gardens At Blenman Elm,"1615 North Norton Avenue, Tucson, Az 85719",a:1:{i:0;i:99;},,https://www.seniorly.com/assisted-living/arizona/tucson/the-gardens-at-blenman-elm
,The Gardens At Kingman,"1031 Detroit Avenue, Kingman, Az 86401",a:1:{i:0;i:117;},,https://www.seniorly.com/assisted-living/arizona/kingman/the-gardens-at-kingman
,The Lodge At 14Th Street,"2941 North 14Th Street, Phoenix, Az 85014",a:1:{i:0;i:107;},,https://www.seniorly.com/assisted-living/arizona/phoenix/the-lodge-at-14th-street
,The Mission At Agua Fria,"8880 North 107Th Avenue, Peoria, Az 85345",a:1:{i:0;i:130;},,https://www.seniorly.com/assisted-living/arizona/peoria/the-mission-at-agua-fria
,The Montecito Senior Living,"17271 North 87Th Avenue, Peoria, Az 85382",a:1:{i:0;i:130;},,https://www.seniorly.com/assisted-living/arizona/peoria/the-montecito-senior-living
,The Vital Signs Health,"661 West 10Th Street, Mesa, Az 85201",a:1:{i:0;i:116;},,https://www.seniorly.com/assisted-living/arizona/mesa/the-vital-signs-health
,Thunderbird Quality Home Care,"5503 West Joan De Arc Avenue, Glendale, Az 85304",a:1:{i:0;i:132;},,https://www.seniorly.com/assisted-living/arizona/glendale/thunderbird-quality-home-care
,Tramonto Desert Rose Assisted Living,"2405 West Florentine Road, Phoenix, Az 85086",a:1:{i:0;i:107;},,https://www.seniorly.com/assisted-living/arizona/phoenix/tramonto-desert-rose-assisted-living
,Trustwell Living At Kingswood Place,"15155 West Mondell Road, Surprise, Az 85374",a:1:{i:0;i:97;},,https://www.seniorly.com/assisted-living/arizona/surprise/kingswood-place
,Truval Assisted Living,"4445 North Pontatoc Road, Tucson, Az 85718",a:1:{i:0;i:99;},,https://www.seniorly.com/assisted-living/arizona/tucson/truval-assisted-living-home
,Twilight Haven Mesa,"10664 East Hawk Avenue, Mesa, Az 85212",a:1:{i:0;i:116;},,https://www.seniorly.com/assisted-living/arizona/mesa/twilight-haven-mesa
,Upon The Rock Assisted Living,"32100 North Scottsdale Road, Scottsdale, Az 85266",a:1:{i:0;i:111;},,https://www.seniorly.com/assisted-living/arizona/scottsdale/upon-the-rock-assisted-living
,Valley Care Management,"59 North Quartz Street, Gilbert, Az 85234",a:1:{i:0;i:142;},,https://www.seniorly.com/assisted-living/arizona/gilbert/valley-care-management-corporation
,Via Elegante Galleria,"5643 North Via Latigo, Tucson, Az 85704",a:1:{i:0;i:99;},,https://www.seniorly.com/assisted-living/arizona/tucson/via-elegante-galleria
,Via Elegante Mediterranean,"5644 North Via Latigo, Tucson, Az 85704",a:1:{i:0;i:99;},,https://www.seniorly.com/assisted-living/arizona/tucson/via-elegante-mediterranean
,Via Elegante Vineyard,"5651 North Via Latigo, Tucson, Az 85704",a:1:{i:0;i:99;},,https://www.seniorly.com/assisted-living/arizona/tucson/via-elegante-vineyard
,Yashuas Cedar,"437 West Merrill Avenue, Gilbert, Az 85233",a:1:{i:0;i:142;},,https://www.seniorly.com/assisted-living/arizona/gilbert/yashua-s-cedar
,Merrill Gardens At Anthem,"2800 West Rose Canyon Circle, Anthem, Az 85086",a:1:{i:0;i:161;},,https://www.seniorly.com/assisted-living/arizona/anthem/merrill-gardens-at-anthem
,A Distinguished Touch Adult Care,"6758 West Blackstone Lane, Peoria, Az 85383",a:1:{i:0;i:130;},,https://www.seniorly.com/assisted-living/arizona/peoria/a-distinguished-touch-adult-care-llc
,American Ridge Senior Living,"Carefree Highway And 44Th Street Alignment, Phoenix, Az 85085",a:1:{i:0;i:107;},,https://www.seniorly.com/assisted-living/arizona/phoenix/american-ridge-senior-living
,Patricks Care Home,"27413 North 23Rd Drive, Phoenix, Az 85085",a:1:{i:0;i:107;},,https://www.seniorly.com/assisted-living/arizona/phoenix/patrick-s-care-home
,Matters Of Senior Living,"4647 West Moon Blossum Lane, Phoenix, Az 85083",a:1:{i:0;i:107;},,https://www.seniorly.com/assisted-living/arizona/phoenix/matters-of-senior-living-inc-
,Herman Novella Clancy Assisted Living,"4617 West Moon Blossum Lane, Phoenix, Az 85083",a:1:{i:0;i:107;},,https://www.seniorly.com/assisted-living/arizona/phoenix/herman-novella-clancy-assisted-living-home
,Hallmark Assisted Living At Lago,"688 South Lago Drive, Apache Junction, Az 85120",a:1:{i:0;i:135;},,https://www.seniorly.com/assisted-living/arizona/apache-junction/hallmark-assisted-living-at-lago
,Gold Canyon Hacienda,"6480 South Alameda Drive, Apache Junction, Az 85218",a:1:{i:0;i:135;},,https://www.seniorly.com/assisted-living/arizona/apache-junction/gold-canyon-hacienda
,Revolta Assisted Living,"2550 South Revolta, Mesa, Az 85209",a:1:{i:0;i:116;},,https://www.seniorly.com/assisted-living/arizona/mesa/revolta-assisted-living
,Baltimore St Care Home,"5402 East Baltimore Street, Mesa, Az 85205",a:1:{i:0;i:116;},,https://www.seniorly.com/assisted-living/arizona/mesa/baltimore-st-care-home
,Dallas Specialized Care,"5131 East Dallas Street, Mesa, Az 85205",a:1:{i:0;i:116;},,https://www.seniorly.com/assisted-living/arizona/mesa/dallas-specialized-care
,Morning Glory Adult Care Home Ii,"3065 South Canfield Circle, Mesa, Az 85212",a:1:{i:0;i:116;},,https://www.seniorly.com/assisted-living/arizona/mesa/morning-glory-adult-care-home-ii
,Eden Adult Care Facility,"1625 North 72Nd Street, Mesa, Az 85207",a:1:{i:0;i:116;},,https://www.seniorly.com/assisted-living/arizona/mesa/eden-adult-care-facility-inc-1625-north-72nd-street-mesa
,Ideal Assisted Living Olla,"7212 East Olla Avenue, Mesa, Az 85212",a:1:{i:0;i:116;},,https://www.seniorly.com/assisted-living/arizona/mesa/ideal-assisted-living-olla
,Oak Tree Manor Alh,"1104 South 53Rd Street, Mesa, Az 85206",a:1:{i:0;i:116;},,https://www.seniorly.com/assisted-living/arizona/mesa/oak-tree-manor-alh-llc
,Rhodas Assisted Living 1,"3906 North 112Th Lane, Avondale, Az 85392",a:1:{i:0;i:133;},,https://www.seniorly.com/assisted-living/arizona/avondale/rhodas-assisted-living-home-1
,Ocean Senior Care,"11320 West Orange Blossom Lane, Avondale, Az 85392",a:1:{i:0;i:133;},,https://www.seniorly.com/assisted-living/arizona/avondale/ocean-senior-care
,Twilight Haven Iii,"233 South 123Rd Drive, Avondale, Az 85323",a:1:{i:0;i:133;},,https://www.seniorly.com/assisted-living/arizona/avondale/twilight-haven-iii-llc
,Twilight Haven,"12533 West Coldwater Springs Boulevard, Avondale, Az 85323",a:1:{i:0;i:133;},,https://www.seniorly.com/assisted-living/arizona/avondale/twilight-haven-avondale
,Irenes Care Home,"10433 West Magnolia Street, Tolleson, Az 85353",a:1:{i:0;i:158;},,https://www.seniorly.com/assisted-living/arizona/tolleson/irene-s-care-home
,Barbara Jeans Assisted Living,"2709 South 159Th Lane, Goodyear, Az 85338",a:1:{i:0;i:137;},,https://www.seniorly.com/assisted-living/arizona/goodyear/barbara-jean-s-assisted-living
,Hallmark Assisted Living At Pacey,"2022 North Pacey Road, Phoenix, Az 85037",a:1:{i:0;i:107;},,https://www.seniorly.com/assisted-living/arizona/phoenix/hallmark-assisted-living-at-pacey
,Angel Arms Young Adult Residence,"2509 North 87Th Avenue, Phoenix, Az 85037",a:1:{i:0;i:107;},,https://www.seniorly.com/assisted-living/arizona/phoenix/angel-arms-young-adult-residence
,Effective Care For Elderly Living,"8524 West Weldon Avenue, Phoenix, Az 85037",a:1:{i:0;i:107;},,https://www.seniorly.com/assisted-living/arizona/phoenix/effective-care-for-elderly-living
,Kaur Ashram Assisted Living,"4538 North 183Rd Avenue, Goodyear, Az 85395",a:1:{i:0;i:137;},,https://www.seniorly.com/assisted-living/arizona/goodyear/kaur-ashram-assisted-living-llc
,Morning Glory 2,"20262 West Morning Glory Street, Buckeye, Az 85326",a:1:{i:0;i:157;},,https://www.seniorly.com/assisted-living/arizona/buckeye/morning-glory-2
,Morning Glory 1,"20266 West Morning Glory Street, Buckeye, Az 85326",a:1:{i:0;i:157;},,https://www.seniorly.com/assisted-living/arizona/buckeye/morning-glory-1
,Care Included,"5418 North 192Nd Drive, Litchfield Park, Az 85340",a:1:{i:0;i:136;},,https://www.seniorly.com/assisted-living/arizona/litchfield-park/care-included
,Medlock Caring Place,"7475 West Medlock Drive, Glendale, Az 85303",a:1:{i:0;i:132;},,https://www.seniorly.com/assisted-living/arizona/glendale/medlock-caring-place
,Su Casa Assisted Living,"1144 North 59Th Avenue, Phoenix, Az 85043",a:1:{i:0;i:107;},,https://www.seniorly.com/assisted-living/arizona/phoenix/su-casa-assisted-living
,Westgate Assisted Living,"8613 West Carole Lane, Glendale, Az 85305",a:1:{i:0;i:132;},,https://www.seniorly.com/assisted-living/arizona/glendale/westgate-assisted-living-glendale
,Bloom Assisted Living,"695 South 221St Drive, Buckeye, Az 85326",a:1:{i:0;i:157;},,https://www.seniorly.com/assisted-living/arizona/buckeye/bloom-assisted-living
,A V Passages,"3464 Sundail Drive, Bullhead City, Az 86442",a:1:{i:0;i:154;},,https://www.seniorly.com/assisted-living/arizona/bullhead-city/a-v-passages
,Mountain Home Adult Care,"298 General Crook Trail, Camp Verde, Az 86322",a:1:{i:0;i:138;},,https://www.seniorly.com/assisted-living/arizona/camp-verde/mountain-home-adult-care-llc
,Maranatha Assisted Living,"3820 East Expedition Way, Phoenix, Az 85050",a:1:{i:0;i:107;},,https://www.seniorly.com/assisted-living/arizona/phoenix/maranatha-assisted-living
,Olive Branch Assisted Living,"1121 North Olive Avenue, Eleven Mile Corner, Az 85122",a:1:{i:0;i:153;},,https://www.seniorly.com/assisted-living/arizona/eleven-mile-corner/olive-branch-assisted-living-home
,Robson Reserve,"9508 East Riggs Road, Sun Lakes, Az 85248",a:1:{i:0;i:140;},,https://www.seniorly.com/assisted-living/arizona/sun-lakes/robson-reserve
,Arizona Harmony Autumn Years Care Center,"217 North Washington Street, Chandler, Az 85225",a:1:{i:0;i:126;},,https://www.seniorly.com/assisted-living/arizona/chandler/arizona-harmony-autumn-years-care-center
,Casa Aplaya 4,"1091 East Kent Place, Chandler, Az 85225",a:1:{i:0;i:126;},,https://www.seniorly.com/assisted-living/arizona/chandler/casa-aplaya-4
,Longmore Mc Assisted Living Facility,"704 South Longmore Street, Chandler, Az 85224",a:1:{i:0;i:126;},,https://www.seniorly.com/assisted-living/arizona/chandler/longmore-mc-assisted-living-facility
,Eldercare At Santa Anna,"921 North Santa Anna Place, Chandler, Az 85224",a:1:{i:0;i:126;},,https://www.seniorly.com/assisted-living/arizona/chandler/eldercare-at-santa-anna
,Our Lady Of Fatima Assisted Living,"2529 East Wildhorse Place, Chandler, Az 85286",a:1:{i:0;i:126;},,https://www.seniorly.com/assisted-living/arizona/chandler/our-lady-of-fatima-assisted-living-home
,Magnificent Cedar,"3190 West Drake Street, Chandler, Az 85226",a:1:{i:0;i:126;},,https://www.seniorly.com/assisted-living/arizona/chandler/magnificent-cedar
,Whitewing Mansion Assisted Living,"1151 South Sean Drive, Chandler, Az 85286",a:1:{i:0;i:126;},,https://www.seniorly.com/assisted-living/arizona/chandler/whitewing-mansion-assisted-living
,Casa Aplaya 2,"981 North Danyell Drive, Chandler, Az 85225",a:1:{i:0;i:126;},,https://www.seniorly.com/assisted-living/arizona/chandler/casa-aplaya-2
,Chandler Harmony Adult Care Home 1,"4986 E Thunderbird Drive, Chandler, Az 85249",a:1:{i:0;i:126;},,https://www.seniorly.com/assisted-living/arizona/chandler/joulienne-guda
,St Therese Care Home,"4807 East Thunderbird Drive, Chandler, Az 85249",a:1:{i:0;i:126;},,https://www.seniorly.com/assisted-living/arizona/chandler/st-therese-care-home-chandler
,Hh Home Plate Assisted Living,"23211 South 154Th Place, Gilbert, Az 85298",a:1:{i:0;i:142;},,https://www.seniorly.com/assisted-living/arizona/gilbert/hh-home-plate-assisted-living-llc
,Whitewing Mansion Family Care,"1516 West Laurel Avenue, Gilbert, Az 85233",a:1:{i:0;i:142;},,https://www.seniorly.com/assisted-living/arizona/gilbert/whitewing-mansion-family-care
,Jo Lex At Obispo,"2216 West Obispo Avenue, Mesa, Az 85202",a:1:{i:0;i:116;},,https://www.seniorly.com/assisted-living/arizona/mesa/jo-lex-at-obispo
,Stonebridge Family Care,"13639 East Ray Road, Gilbert, Az 85296",a:1:{i:0;i:142;},,https://www.seniorly.com/assisted-living/arizona/gilbert/stonebridge-family-care
,Whipple Circle Manor Assisted Living,"1101 North Whipple Circle, Gilbert, Az 85233",a:1:{i:0;i:142;},,https://www.seniorly.com/assisted-living/arizona/gilbert/whipple-circle-manor-assisted-living
,Emerson Assisted Living,"2016 South Emerson, Mesa, Az 85210",a:1:{i:0;i:116;},,https://www.seniorly.com/assisted-living/arizona/mesa/emerson-assisted-living-home-llc
,La Luna Senior Living At Gemini,"1910 East Gemini Drive, Tempe, Az 85283",a:1:{i:0;i:112;},,https://www.seniorly.com/assisted-living/arizona/tempe/la-luna-senior-living-at-gemini
,Tang Assisted Living,"6622 South Dorsey Lane, Tempe, Az 85283",a:1:{i:0;i:112;},,https://www.seniorly.com/assisted-living/arizona/tempe/tang-assisted-living-llc-tempe
,Liv Northgate,"455 South Recker Road, Gilbert, Az 85296",a:1:{i:0;i:142;},,https://www.seniorly.com/assisted-living/arizona/gilbert/liv-northgate
,Summa Care Tempe,"6518 South Jentilly Lane, Tempe, Az 85283",a:1:{i:0;i:112;},,https://www.seniorly.com/assisted-living/arizona/tempe/summa-care-tempe
,Blessings Of Joy Adult Care Home,"2532 East Huntington Drive, Tempe, Az 85282",a:1:{i:0;i:112;},,https://www.seniorly.com/assisted-living/arizona/tempe/blessings-of-joy-adult-care-home-llc
,Camina Plata,"1782 East Camina Plata Court, Gilbert, Az 85298",a:1:{i:0;i:142;},,https://www.seniorly.com/assisted-living/arizona/gilbert/camina-plata
,Martha Anns Rainbow House,"2638 South Holbrook Lane, Tempe, Az 85282",a:1:{i:0;i:112;},,https://www.seniorly.com/assisted-living/arizona/tempe/martha-ann-s-rainbow-house
,Divine Mercy Adult Care,"6208 South Parkside Drive, Tempe, Az 85283",a:1:{i:0;i:112;},,https://www.seniorly.com/assisted-living/arizona/tempe/divine-mercy-adult-care
,My New Home Ii,"2719 South Kenneth Place, Tempe, Az 85282",a:1:{i:0;i:112;},,https://www.seniorly.com/assisted-living/arizona/tempe/my-new-home-ii
,Guiding Angels Assisted Living,"3678 East Thornton Avenue, Gilbert, Az 85297",a:1:{i:0;i:142;},,https://www.seniorly.com/assisted-living/arizona/gilbert/guiding-angels-assisted-living-llc
,Des Moines Specialized Care,"3207 East Des Moines Street, Mesa, Az 85213",a:1:{i:0;i:116;},,https://www.seniorly.com/assisted-living/arizona/mesa/des-moines-specialized-care
,Southern Assisted Living,"6013 South 47Th Street, Phoenix, Az 85042",a:1:{i:0;i:107;},,https://www.seniorly.com/assisted-living/arizona/phoenix/southern-assisted-living
,Mayberry Assisted Living,"19863 East Mayberry Road, Chandler Heights, Az 85142",a:1:{i:0;i:152;},,https://www.seniorly.com/assisted-living/arizona/chandler-heights/mayberry-assisted-living-home
,Treasures Of Wisdom,"483 West Gascon Road, San Tan Valley, Az 85143",a:1:{i:0;i:148;},,https://www.seniorly.com/assisted-living/arizona/san-tan-valley/treasures-of-wisdom
,Zen Family Care At Wayne Ranch,"1256 East Elm Road, San Tan Valley, Az 85140",a:1:{i:0;i:148;},,https://www.seniorly.com/assisted-living/arizona/san-tan-valley/zen-family-care-at-wayne-ranch
,Supreme Assisted Living Care Home,"3611 East Thames Circle, San Tan Valley, Az 85140",a:1:{i:0;i:148;},,https://www.seniorly.com/assisted-living/arizona/san-tan-valley/supreme-assisted-living-care-home
,Generations Senior Living,"1275 Classic Court, Clarkdale, Az 86324",a:1:{i:0;i:151;},,https://www.seniorly.com/assisted-living/arizona/clarkdale/generations-senior-living-llc
,Touchmark At The Ranch,"3180 Touchmark Boulevard, Prescott, Az 86301",a:1:{i:0;i:101;},,https://www.seniorly.com/assisted-living/arizona/prescott/touchmark-at-the-ranch
,Hilltop Quail Haven,"1951 North Emerald Drive, Prescott, Az 86301",a:1:{i:0;i:101;},,https://www.seniorly.com/assisted-living/arizona/prescott/hilltop-quail-haven-inc
,Elaines Forest House,"220 West Forest Avenue, Flagstaff, Az 86001",a:1:{i:0;i:143;},,https://www.seniorly.com/assisted-living/arizona/flagstaff/elaine-s-forest-house
,Inn At The Amethyst Assisted Living,"18172 North 91St Avenue, Peoria, Az 85382",a:1:{i:0;i:130;},,https://www.seniorly.com/assisted-living/arizona/peoria/inn-at-the-amethyst-assisted-living
,Above And Beyond Senior Care,"11211 North 127Th Avenue, El Mirage, Az 85335",a:1:{i:0;i:145;},,https://www.seniorly.com/assisted-living/arizona/el-mirage/above-and-beyond-senior-care
,The Legacy Rehab Care Center,"2812 Silver Creek Road, Tucson, Az 86442",a:1:{i:0;i:99;},,https://www.seniorly.com/assisted-living/arizona/tucson/the-legacy-rehab-care-center
,Sante Of Mesa,"5358 East Baseline Road, Litchfield Park, Az 85206",a:1:{i:0;i:136;},,https://www.seniorly.com/assisted-living/arizona/litchfield-park/sante-of-mesa
,Ridge At The Stratford,"1739 West Myrtle Avenue, Phoenix, Az 85021",a:1:{i:0;i:107;},,https://www.seniorly.com/assisted-living/arizona/phoenix/ridge-at-the-stratford
,Coronado Healthcare Center,"11411 North 19Th Avenue, Phoenix, Az 85029",a:1:{i:0;i:107;},,https://www.seniorly.com/assisted-living/arizona/phoenix/coronado-healthcare-center
,Arizona State Veteran Homephx,"4141 North South Herrera Way, Phoenix, Az 85012",a:1:{i:0;i:107;},,https://www.seniorly.com/assisted-living/arizona/phoenix/arizona-state-veteran-home-phx
,Good Hart Assisted Living,"5559 North 62Nd Drive, Glendale, Az 85301",a:1:{i:0;i:132;},,https://www.seniorly.com/assisted-living/arizona/glendale/good-hart-assisted-living
,J B Assisted Living Inc Ii,"6613 West Pershing Avenue, Glendale, Az 85304",a:1:{i:0;i:132;},,https://www.seniorly.com/assisted-living/arizona/glendale/j-b-assisted-living-inc-ii
,Home Away From Home Senior Assisted Living,"7413 North 75Th Drive, Glendale, Az 85303",a:1:{i:0;i:132;},,https://www.seniorly.com/assisted-living/arizona/glendale/home-away-from-home-senior-assisted-living-llc
,Pines Assisted Lovin Home,"6979 West Cactus Wren Drive, Glendale, Az 85303",a:1:{i:0;i:132;},,https://www.seniorly.com/assisted-living/arizona/glendale/pines-assisted-lovin-home
,Felicity Care Home,"5412 West Cinnabar Avenue, Glendale, Az 85302",a:1:{i:0;i:132;},,https://www.seniorly.com/assisted-living/arizona/glendale/felicity-care-home
,Family Home Care House Of Treasures,"4301 West Acoma, Glendale, Az 85306",a:1:{i:0;i:132;},,https://www.seniorly.com/assisted-living/arizona/glendale/family-home-care-house-of-treasures
,Acquainted Senior Care Home,"15233 North 66Th Lane, Glendale, Az 85306",a:1:{i:0;i:132;},,https://www.seniorly.com/assisted-living/arizona/glendale/acquainted-senior-care-home
,Burkeshire Retirement Hotel,"1310 East Mc Dowell Road, Phoenix, Az 85006",a:1:{i:0;i:107;},,https://www.seniorly.com/assisted-living/arizona/phoenix/burkeshire-retirement-hotel
,Cocos Assisted Living,"3231 West Thunderbird Road, Phoenix, Az 85053",a:1:{i:0;i:107;},,https://www.seniorly.com/assisted-living/arizona/phoenix/coco-s-assisted-living-home
,Hallmark Assisted Living At Wagoner,"6127 West Wagoner Road, Glendale, Az 85308",a:1:{i:0;i:132;},,https://www.seniorly.com/assisted-living/arizona/glendale/hallmark-assisted-living-at-wagoner
,Right Choice Adult Care Home,"6204 West Julie Drive, Glendale, Az 85308",a:1:{i:0;i:132;},,https://www.seniorly.com/assisted-living/arizona/glendale/right-choice-adult-care-home
,A Place For Mom And Dad,"18817 North 49Th Drive, Glendale, Az 85308",a:1:{i:0;i:132;},,https://www.seniorly.com/assisted-living/arizona/glendale/a-place-for-mom-and-dad-glendale
,Spectrum Assisted Living,"5330 West Tonto Road, Glendale, Az 85308",a:1:{i:0;i:132;},,https://www.seniorly.com/assisted-living/arizona/glendale/spectrum-assisted-living
,Avista Senior Living North Mountain,"350 East Eva Street, Pheonix, Az 85020","a:1:{i:0;s:3:""107"";}",,https://www.seniorly.com/assisted-living/arizona/pheonix/avista-senior-living-north-mountain-pheonix
,Beebes Assisted Living,"13242 North 34Th Drive , Phoenix, Az 85029",a:1:{i:0;i:107;},,https://www.seniorly.com/assisted-living/arizona/phoenix/beebes-assisted-living-llc-
,T Y Wolf Assisted Living,"326 East Bellmont Avenue, Phoenix, Az 85020",a:1:{i:0;i:107;},,https://www.seniorly.com/assisted-living/arizona/phoenix/t-y-wolf-assisted-living
,Tang Assisted Living,"4113 West Hayward Avenue, Phoenix, Az 85051",a:1:{i:0;i:107;},,https://www.seniorly.com/assisted-living/arizona/phoenix/tang-assisted-living-llc
,Sierra Valaha,"3633 West Sierra Street, Phoenix, Az 85029",a:1:{i:0;i:107;},,https://www.seniorly.com/assisted-living/arizona/phoenix/sierra-valaha
,Ace Best Medical And Nursing Care,"2902 West Cactus Road, Phoenix, Az 85029",a:1:{i:0;i:107;},,https://www.seniorly.com/assisted-living/arizona/phoenix/ace-best-medical-and-nursing-care-llc
,Beebes Assisted Living,"13242 North 34Th Drive, Phoenix, Az 85029",a:1:{i:0;i:107;},,https://www.seniorly.com/assisted-living/arizona/phoenix/beebes-assisted-living-llc
,Person To Person Assisted Living Care Home,"602 East Missouri Avenue, Phoenix, Az 85012",a:1:{i:0;i:107;},,https://www.seniorly.com/assisted-living/arizona/phoenix/person-to-person-assisted-living-care-home
,Hillside Senior Living,"1546 East El Camino Drive, Phoenix, Az 85020",a:1:{i:0;i:107;},,https://www.seniorly.com/assisted-living/arizona/phoenix/hillside-senior-living
,Alj Assisted Living I,"3407 West Kristal Way, Phoenix, Az 85027",a:1:{i:0;i:107;},,https://www.seniorly.com/assisted-living/arizona/phoenix/alj-assisted-living-home-i
,Lifes Blessings Assisted Living,"16009 North 6Th Place, Phoenix, Az 85022",a:1:{i:0;i:107;},,https://www.seniorly.com/assisted-living/arizona/phoenix/life-s-blessings-assisted-living-home
,Morning Glory Assisted Living,"8525 West Irma Lane, Peoria, Az 85382",a:1:{i:0;i:130;},,https://www.seniorly.com/assisted-living/arizona/peoria/morning-glory-assisted-living
,Haven Of Globe,"1100 Monroe Street, Globe, Az 85501",a:1:{i:0;i:110;},,https://www.seniorly.com/assisted-living/arizona/globe/haven-of-globe
,Ac Assisted Living 3,"2101 East Ash Street, Globe, Az 85501",a:1:{i:0;i:110;},,https://www.seniorly.com/assisted-living/arizona/globe/ac-assisted-living-3
,Ac Assisted Living 5,"210 East Hunter Drive, Globe, Az 85501",a:1:{i:0;i:110;},,https://www.seniorly.com/assisted-living/arizona/globe/ac-assisted-living-5
,Ac Assisted Living 1,"320 East Oak Street, Globe, Az 85501",a:1:{i:0;i:110;},,https://www.seniorly.com/assisted-living/arizona/globe/ac-assisted-living-1
,Ac Assisted Living 4,"675 South 11Th Street, Globe, Az 85501",a:1:{i:0;i:110;},,https://www.seniorly.com/assisted-living/arizona/globe/ac-assisted-living-4
,Rancho Verde Care Home Canalito,"930 West Placita Canalito, Green Valley, Az 85614",a:1:{i:0;i:127;},,https://www.seniorly.com/assisted-living/arizona/green-valley/rancho-verde-care-home-canalito
,Windmill Ranch,"5605 East Labrador Lane, Hereford, Az 85615",a:1:{i:0;i:129;},,https://www.seniorly.com/assisted-living/arizona/hereford/windmill-ranch
,The Lingenfelter Center,"1099 Sunrise Avenue, Tucson, Az 86401",a:1:{i:0;i:99;},,https://www.seniorly.com/assisted-living/arizona/tucson/the-lingenfelter-center
,Havasu Nursing Center,"3576 Kearsage Drive, Tucson, Az 86406",a:1:{i:0;i:99;},,https://www.seniorly.com/assisted-living/arizona/tucson/havasu-nursing-center
,Havasu Regional Medical Center,"1811 Mesquite Avenue, Tucson, Az 86403",a:1:{i:0;i:99;},,https://www.seniorly.com/assisted-living/arizona/tucson/havasu-regional-medical-center
,Global Care Ii,"2842 Mcculloch Boulevard North, Lake Havasu City, Az 86403",a:1:{i:0;i:124;},,https://www.seniorly.com/assisted-living/arizona/lake-havasu-city/global-care-ii
,Hacienda Nursing Facility,"1402 East South Mountain Avenue, Mesa, Az 85042",a:1:{i:0;i:116;},,https://www.seniorly.com/assisted-living/arizona/mesa/hacienda-nursing-facility
,Samanthas Cz Assisted Living,"20278 North Wilford Avenue, Maricopa, Az 85138",a:1:{i:0;i:119;},,https://www.seniorly.com/assisted-living/arizona/maricopa/samantha-s-cz-assisted-living
,Heritage Court Post Acute Of Scottsdale,"3339 North Drinkwater Boulevard, Scottsdale, Az 85251",a:1:{i:0;i:111;},,https://www.seniorly.com/assisted-living/arizona/scottsdale/heritage-court-post-acute-of-scottsdale
,La Canada Care Center,"7970 North La Canada Drive, Yuma, Az 85704",a:1:{i:0;i:98;},,https://www.seniorly.com/assisted-living/arizona/yuma/la-canada-care-center
,Msm P Enterprises,"7131 North Via Assisi, Tucson, Az 85704",a:1:{i:0;i:99;},,https://www.seniorly.com/assisted-living/arizona/tucson/msm-p-enterprises-inc
,Connies Manor Home,"7161 North Mona Lisa Road, Tucson, Az 85741",a:1:{i:0;i:99;},,https://www.seniorly.com/assisted-living/arizona/tucson/connie-s-manor-home
,Northwest Assisted Living Ii,"6840 North Cassim Place, Tucson, Az 85704",a:1:{i:0;i:99;},,https://www.seniorly.com/assisted-living/arizona/tucson/northwest-assisted-living-ii
,Tlc At San Lucas,"1438 West San Lucas Drive, Tucson, Az 85704",a:1:{i:0;i:99;},,https://www.seniorly.com/assisted-living/arizona/tucson/tlc-at-san-lucas-llc
,Copper Health Oro Valley,"1119 East Rancho Vistoso Boulevard, Coolidge, Az 85755",a:1:{i:0;i:100;},,https://www.seniorly.com/assisted-living/arizona/coolidge/copper-health-oro-valley
,La Casa De Stella,"6021 North La Canada Drive, Tucson, Az 85704",a:1:{i:0;i:99;},,https://www.seniorly.com/assisted-living/arizona/tucson/la-casa-de-stella
,Catalina Foothills Adult Care,"4405 North Country Club Road, Tucson, Az 85718",a:1:{i:0;i:99;},,https://www.seniorly.com/assisted-living/arizona/tucson/catalina-foothills-adult-care-inc
,Windsor Luxury Assisted Living,"6031 North 52Nd Place, Paradise Valley, Az 85253",a:1:{i:0;i:113;},,https://www.seniorly.com/assisted-living/arizona/paradise-valley/windsor-luxury-assisted-living
,Doubletree Ranchos Assisted Living,"5706 East Horseshoe Road, Paradise Valley, Az 85253",a:1:{i:0;i:113;},,https://www.seniorly.com/assisted-living/arizona/paradise-valley/doubletree-ranchos-assisted-living
,Prats Care Home 1,"13401 North 30Th Street, Phoenix, Az 85032",a:1:{i:0;i:107;},,https://www.seniorly.com/assisted-living/arizona/phoenix/prats-care-home-1
,Bethesda At Maravilla Ii,"6008 East Hartford Avenue, Scottsdale, Az 85254",a:1:{i:0;i:111;},,https://www.seniorly.com/assisted-living/arizona/scottsdale/bethesda-at-maravilla-ii
,24 Hr Home,"5447 East Beck Lane, Scottsdale, Az 85254",a:1:{i:0;i:111;},,https://www.seniorly.com/assisted-living/arizona/scottsdale/24-hr-home-llc
,Tatum Quality Care Assisted Living,"4558 East Libby Street, Phoenix, Az 85032",a:1:{i:0;i:107;},,https://www.seniorly.com/assisted-living/arizona/phoenix/tatum-quality-care-assisted-living-home
,Biltmore Care Home 2,"17442 North 28Th Street, Phoenix, Az 85032",a:1:{i:0;i:107;},,https://www.seniorly.com/assisted-living/arizona/phoenix/biltmore-care-home-2
,Monterey Geriatric Care,"8331 East Monterey Way, Scottsdale, Az 85251",a:1:{i:0;i:111;},,https://www.seniorly.com/assisted-living/arizona/scottsdale/monterey-geriatric-care
,Sv Assisted Living 2,"7308 East Virginia Avenue, Scottsdale, Az 85257",a:1:{i:0;i:111;},,https://www.seniorly.com/assisted-living/arizona/scottsdale/sv-assisted-living-home-2
,Harts Home Exceptional Elder Care,"8438 East Welsh Trail, Scottsdale, Az 85258",a:1:{i:0;i:111;},,https://www.seniorly.com/assisted-living/arizona/scottsdale/harts-home-exceptional-elder-care
,K R Assisted Living,"519 East Mckellips Road, Tempe, Az 85281",a:1:{i:0;i:112;},,https://www.seniorly.com/assisted-living/arizona/tempe/k-r-assisted-living-home
,Above Beyond Assisted Living,"5119 East Calavar Drive, Scottsdale, Az 85254",a:1:{i:0;i:111;},,https://www.seniorly.com/assisted-living/arizona/scottsdale/above-beyond-assisted-living
,Dream Catcher Assisted Living,"5449 East Crocus Drive, Scottsdale, Az 85254",a:1:{i:0;i:111;},,https://www.seniorly.com/assisted-living/arizona/scottsdale/dream-catcher-assisted-living-home
,Footsteps Assisted Living Care Home,"3135 East Larkspur Drive, Phoenix, Az 85032",a:1:{i:0;i:107;},,https://www.seniorly.com/assisted-living/arizona/phoenix/footsteps-assisted-living-care-home
,A Tender Touch Assisted Living,"2859 East Voltaire Avenue, Phoenix, Az 85032",a:1:{i:0;i:107;},,https://www.seniorly.com/assisted-living/arizona/phoenix/a-tender-touch-assisted-living-home
,Rehab Without Walls,"1912 East Marilyn Road, Phoenix, Az 85022",a:1:{i:0;i:107;},,https://www.seniorly.com/assisted-living/arizona/phoenix/rehab-without-walls-inc
,Swiss Touch,"5235 East Wagoner Road, Scottsdale, Az 85254",a:1:{i:0;i:111;},,https://www.seniorly.com/assisted-living/arizona/scottsdale/swiss-touch
,La March Assisted Living,"1615 East Le Marche Avenue, Phoenix, Az 85022",a:1:{i:0;i:107;},,https://www.seniorly.com/assisted-living/arizona/phoenix/la-march-assisted-living
,Rim Country Health Retirement Community,"807 West Longhorn Road, Globe, Az 85541",a:1:{i:0;i:110;},,https://www.seniorly.com/assisted-living/arizona/globe/rim-country-health-retirement-community
,Las Fuentes Resort Village,"1035 Scott Drive, Prescott, Az 86301",a:1:{i:0;i:101;},,https://www.seniorly.com/assisted-living/arizona/prescott/las-fuentes-resort-village
,Rolling Hills Manor,"1949 Boardwalk Avenue, Prescott, Az 86301",a:1:{i:0;i:101;},,https://www.seniorly.com/assisted-living/arizona/prescott/rolling-hills-manor
,Hidden Oasis,"6081 North Dodge Drive, Prescott Valley, Az 86314",a:1:{i:0;i:103;},,https://www.seniorly.com/assisted-living/arizona/prescott-valley/hidden-oasis
,Hidden Oasis,"6081 Dodge Circle, Prescott Valley, Az 86314",a:1:{i:0;i:103;},,https://www.seniorly.com/assisted-living/arizona/prescott-valley/hidden-oasis-llc
,Haven Of Sedona,"505 Jacks Canyon Road, Sedona, Az 86351",a:1:{i:0;i:105;},,https://www.seniorly.com/assisted-living/arizona/sedona/haven-of-sedona
,Gila River Indian Care Center,"Po Box 2187, Sacaton, Az 85247",a:1:{i:0;i:106;},,https://www.seniorly.com/assisted-living/arizona/sacaton/gila-river-indian-care-center
,Sapphire Of Tucson Nursing And Rehab,"2900 East Milber Street, Tucson, Az 85714",a:1:{i:0;i:99;},,https://www.seniorly.com/assisted-living/arizona/tucson/sapphire-of-tucson-nursing-and-rehab
,Dreamcatcher Senior Living,"330 South Calle De Madrid, Tucson, Az 85711",a:1:{i:0;i:99;},,https://www.seniorly.com/assisted-living/arizona/tucson/dreamcatcher-senior-living
,Akres Del Cielo Assisted Living Facility,"5450 West Ajo Highway, Tucson, Az 85735",a:1:{i:0;i:99;},,https://www.seniorly.com/assisted-living/arizona/tucson/akres-del-cielo-assisted-living-facility-llc
,El Rancho Encanto Assisted Living At The Fort,"5803 East Ft Lowell, Tucson, Az 85712",a:1:{i:0;i:99;},,https://www.seniorly.com/assisted-living/arizona/tucson/el-rancho-encanto-assisted-living-at-the-fort
,Palo Verde House At Infinity Wilmot,"612 South Wilmot, Tucson, Az 85711",a:1:{i:0;i:99;},,https://www.seniorly.com/assisted-living/arizona/tucson/palo-verde-house-at-infinity-wilmot
,St Jacob Assisted Living,"2010 West Grant Road, Tucson, Az 85745",a:1:{i:0;i:99;},,https://www.seniorly.com/assisted-living/arizona/tucson/st-jacob-assisted-living-llc
,Arizona New Era Eldercare,"3624 East Calle Del Prado, Tucson, Az 85716",a:1:{i:0;i:99;},,https://www.seniorly.com/assisted-living/arizona/tucson/arizona-new-era-eldercare-l-l-c
,Lemon Tree Care Home,"4110 East Spring Street Unit 2, Tucson, Az 85712",a:1:{i:0;i:99;},,https://www.seniorly.com/assisted-living/arizona/tucson/lemon-tree-care-home
,Jeanwood Assisted Living,"4734 East Edison Street, Tucson, Az 85712",a:1:{i:0;i:99;},,https://www.seniorly.com/assisted-living/arizona/tucson/jeanwood-assisted-living-home-llc
,Arizona State Veteran Home Tucson,"555 East Ajo Way, Prescott, Az 85713",a:1:{i:0;i:101;},,https://www.seniorly.com/assisted-living/arizona/prescott/arizona-state-veteran-home-tucson
,Sycamore House At Infinity Wilmot,"602 South Wilmot, Tucson, Az 85711",a:1:{i:0;i:99;},,https://www.seniorly.com/assisted-living/arizona/tucson/sycamore-house-at-infinity-wilmot
,Saguaro House At Infinity Wilmot,"652 South Wilmot Street, Tucson, Az 85711",a:1:{i:0;i:99;},,https://www.seniorly.com/assisted-living/arizona/tucson/saguaro-house-at-infinity-wilmot
,Luz Del Milagro,"6534 East Broadway Boulevard, Tucson, Az 85710",a:1:{i:0;i:99;},,https://www.seniorly.com/assisted-living/arizona/tucson/luz-del-milagro
,Rancho Verde Care Home Los Reales,"7211 South Hildreth Avenue, Tucson, Az 85746",a:1:{i:0;i:99;},,https://www.seniorly.com/assisted-living/arizona/tucson/rancho-verde-care-home-los-reales
,Namaste Assisted Living,"7420 East Lakeside Drive, Tucson, Az 85730",a:1:{i:0;i:99;},,https://www.seniorly.com/assisted-living/arizona/tucson/namaste-assisted-living-home
,Titas Happy Assisted Living,"8240 East Keuka Court, Tucson, Az 85715",a:1:{i:0;i:99;},,https://www.seniorly.com/assisted-living/arizona/tucson/tita-s-happy-assisted-living-home-llc
,Sapphire Estates Rehab Centre,"2040 North Wilmot Road, Coolidge, Az 85712",a:1:{i:0;i:100;},,https://www.seniorly.com/assisted-living/arizona/coolidge/sapphire-estates-rehab-centre
,Home Away From Home,"8742 East Appomattox, Tucson, Az 85710",a:1:{i:0;i:99;},,https://www.seniorly.com/assisted-living/arizona/tucson/home-away-from-home-tucson
,Yuma Assisted Living,"2600 South 4Th Avenue, Yuma, Az 85364",a:1:{i:0;i:98;},,https://www.seniorly.com/assisted-living/arizona/yuma/yuma-assisted-living
