City,Description
Coolidge,
Prescott,
Sierra Vista,
Prescott Valley,
Sedona,
Sacaton,
Payson,
Safford,
Globe,
Paradise Valley,
Winslow,
Casa Grande,
Kingman,
Oro Valley,
Maricopa,
Mobile,
Laveen,
Sun City,
Marana,
Lake Havasu City,
Lake Havasu,
Green Valley,
Sahuarita,
Hereford,
Youngtown,
Cottonwood,
Litchfield Park,
Camp Verde,
Lakeside,
Sun Lakes,
Fountain Hills,
Flagstaff,
Fort Mohave,
El Mirage,
Sun City West,
Cornville,
San Tan Valley,
Chino Valley,
Paulden,
Clarkdale,
Chandler Heights,
Eleven Mile Corner,
Bullhead City,
Carefree,
Cave Creek,
Buckeye,
Tolleson,
Waddell,
Higley,
Laveen Village,
Vernon,
Eagar,
Page,
Wittmann,
San Carlos,
Snowflake,
Pearce,
Nogales,
Williamson,
Thatcher,
Douglas,
Bell Pointe,
Gold Canyon,
San Luis,
Show Low,
Catalina,
Dewey,
Holbrook,
Star Valley,
New River,
Coldwater Springs,
Desert Harbor,
Desert Hills,
Rio Rico,
Wickenburg,
Florence,
Pinetop-Lakeside,
Kenly Farms,
Morrison Ranch,
McNeal,
Vistancia,
Tuscon,
Twin Falls,
Wheat Ridge,
Aurora,
Englewood,
Bear Canyon,
Albuquerque,
Denver,
Miravista,
Colorado Springs,
Arvada,
Northglenn,
Westminster,
Orem,
Centennial,
Lehi,
St. George,
Coeur d'Alene,
South Jordan,
Boulder,
Lafayette,
Eagle,
Sandy,
Las Cruces,
Carlsbad,
Rio Rancho,
Layton,
Brush,
Keenesburg,
Littleton,
Cedar City,
West Jordan,
Clovis,
Idaho Falls,
Shelley,
Kimberly,
Longmont,
Fountain,
Midvale,
Kaysville,
Emmett,
Buhl,
South Ogden,
Berthoud,
Lakewood,
Golden,
Parker,
Castle Rock,
Boise,
Alamogordo,
Springville,
Draper,
Caldwell,
Payette,
Pocatello,
Chubbuck,
Middleton,
Nampa,
Mountain Home,
Meridian,
Loveland,
Flagler,
Stratton,
Limon,
Grand Junction,
Murray,
Fort Collins,
Taylorsville,
Greeley,
Pueblo,
Salina,
Washington,
Evergreen,
Logan,
Hyde Park,
Rupert,
Bountiful,
Salt Lake City,
Roswell,
Louisville,
Barber Valley,
Clinton,
Montpelier,
Beaver,
Edgewood,
Pagosa Springs,
Santa Fe,
Farmington,
Cortez,
American Fork,
Bernalillo,
Bosque Farms,
Deming,
Gallup,
Herriman,
Hobbs,
Kanab,
Vernal,
Magna,
Brigham City,
Portales,
Provo,
Raton,
Richfield,
Riverton,
Salem,
Santaquin,
Spanish Fork,
Syracuse,
Tooele,
Hurricane,
White Rock,
Monument,
Thornton,
Smithfield,
Hyrum,
Clifton,
Sandpoint,
Alamosa,
Windsor,
Brighton,
Pleasant Grove,
North Ogden,
Greenwood Village,
Highlands Ranch,
Lewiston,
Albuqerque,
Westampton,
Orofino,
Providence,
Fruitland,
Pueblo West,
Delta,
Sandia View,
Steamboat Springs,
Nephi,
Clearfield,
Erie,
Rifle,
Kremmling,
Broomfield,
West Haven,
West Valley City,
Price,
Bonners Ferry,
Weiser,
Millcreek,
Rocky Ford,
Ogden,
Star,
Bellevue,
Westminister,
Aztec,
Jerome,
Gooding,
Sterling,
Grantsville,
Salmon,
Rangely,
Fort Morgan,
Ponderay,
Cheyenne,
American Falls,
Elk Ridge,
Cottonwood Heights,
Bayfield,
La Junta,
Fruita,
Morgan,
West Point,
Blanding,
Preston,
Cañon City,
Ammon,
Blackfoot,
North Logan,
Federal Heights,
Fort Lupton,
Evans,
Rathdrum,
Ephraim,
Ruidoso,
Los Lunas,
Elmo,
Lovington,
Artesia,
Mount Pleasant,
Estes Park,
Spirit Lake,
Gunnison,
Hayden,
Lone Tree,
Kootenai,
Heber City,
Montrose,
Hugo,
Soda Springs,
Carbondale,
Roy,
High Resort,
Burley,
Highland,
Moscow,
Wray,
Albquerque,
Holladay,
Rexburg,
Saint Anthony,
Julesburg,
La Veta,
Winchester,
Lamar,
Monte Vista,
Trinidad,
Washington Terrace,
Castle Pines,
Colorado Springsgs,
Post Falls,
Los Alamos,
Sante Fe,
Silverton,
Wendell,
Malad City,
Grangeville,
Commerce City,
Parachute,
Silver City,
Centerfield,
Moab,
Monroe,
South Salt Lake,
Centerville,
Tremonton,
Pinehurst,
Roosevelt,
Parma,
Elizabeth,
South Weber,
Eden,
Glenns Ferry,
Strasburg,
Eads,
Las Animas,
Isleta Village Proper,
Holyoke,
Palisade,
Rigby,
Ft. Collins,
Alpine,
Glenwood Springs,
Anton Chico,
Lindon,
Cambridge,
Ferron,
Farr West,
Palmer Lake,
Ivins,
Mapleton,
Hagerman,
Riverdale,
Kearns,
Durango,
Taos,
Glenwood Hills,
Cedar Hills,
Garden City,
Woods Cross,
Silver Cliff,
Saint Maries,
Walsh,
Los Volcanes,
Aspen,
